time, rowNum, profile
255.25,0,0.67
255.25,1,0.56
255.25,2,0.48
255.25,3,0.45
255.25,4,0.44
255.25,5,0.43
255.25,6,0.43
255.25,7,0.42
255.25,8,0.42
255.25,9,0.42
255.25,10,0.42
255.25,11,0.42
255.25,12,0.42
255.25,13,0.42
255.25,14,0.42
255.25,15,0.42
255.25,16,0.42
255.25,17,0.42
255.25,18,0.42
255.25,19,0.42
255.29,0,0.64
255.29,1,0.55
255.29,2,0.48
255.29,3,0.45
255.29,4,0.44
255.29,5,0.43
255.29,6,0.43
255.29,7,0.42
255.29,8,0.42
255.29,9,0.42
255.29,10,0.42
255.29,11,0.42
255.29,12,0.42
255.29,13,0.42
255.29,14,0.42
255.29,15,0.42
255.29,16,0.42
255.29,17,0.42
255.29,18,0.42
255.29,19,0.42
255.34,0,0.72
255.34,1,0.54
255.34,2,0.48
255.34,3,0.46
255.34,4,0.44
255.34,5,0.43
255.34,6,0.43
255.34,7,0.42
255.34,8,0.42
255.34,9,0.42
255.34,10,0.42
255.34,11,0.42
255.34,12,0.42
255.34,13,0.42
255.34,14,0.42
255.34,15,0.42
255.34,16,0.42
255.34,17,0.42
255.34,18,0.42
255.34,19,0.42
255.38,0,0.72
255.38,1,0.51
255.38,2,0.46
255.38,3,0.44
255.38,4,0.43
255.38,5,0.42
255.38,6,0.42
255.38,7,0.42
255.38,8,0.42
255.38,9,0.42
255.38,10,0.42
255.38,11,0.42
255.38,12,0.42
255.38,13,0.42
255.38,14,0.42
255.38,15,0.42
255.38,16,0.42
255.38,17,0.42
255.38,18,0.42
255.38,19,0.42
255.42,0,0.72
255.42,1,0.56
255.42,2,0.50
255.42,3,0.46
255.42,4,0.45
255.42,5,0.44
255.42,6,0.43
255.42,7,0.43
255.42,8,0.42
255.42,9,0.42
255.42,10,0.42
255.42,11,0.42
255.42,12,0.42
255.42,13,0.42
255.42,14,0.42
255.42,15,0.42
255.42,16,0.42
255.42,17,0.42
255.42,18,0.42
255.42,19,0.42
255.46,0,0.66
255.46,1,0.54
255.46,2,0.49
255.46,3,0.46
255.46,4,0.44
255.46,5,0.43
255.46,6,0.43
255.46,7,0.42
255.46,8,0.42
255.46,9,0.42
255.46,10,0.42
255.46,11,0.42
255.46,12,0.42
255.46,13,0.42
255.46,14,0.42
255.46,15,0.42
255.46,16,0.42
255.46,17,0.42
255.46,18,0.42
255.46,19,0.42
255.47,0,0.65
255.47,1,0.51
255.47,2,0.48
255.47,3,0.46
255.47,4,0.44
255.47,5,0.43
255.47,6,0.43
255.47,7,0.42
255.47,8,0.42
255.47,9,0.42
255.47,10,0.42
255.47,11,0.42
255.47,12,0.42
255.47,13,0.42
255.47,14,0.42
255.47,15,0.42
255.47,16,0.42
255.47,17,0.42
255.47,18,0.42
255.47,19,0.42
255.49,0,0.64
255.49,1,0.53
255.49,2,0.51
255.49,3,0.48
255.49,4,0.46
255.49,5,0.44
255.49,6,0.43
255.49,7,0.43
255.49,8,0.42
255.49,9,0.42
255.49,10,0.42
255.49,11,0.42
255.49,12,0.42
255.49,13,0.42
255.49,14,0.42
255.49,15,0.42
255.49,16,0.42
255.49,17,0.42
255.49,18,0.42
255.49,19,0.42
255.50,0,0.60
255.50,1,0.50
255.50,2,0.48
255.50,3,0.46
255.50,4,0.44
255.50,5,0.43
255.50,6,0.42
255.50,7,0.42
255.50,8,0.42
255.50,9,0.42
255.50,10,0.42
255.50,11,0.42
255.50,12,0.42
255.50,13,0.42
255.50,14,0.42
255.50,15,0.42
255.50,16,0.42
255.50,17,0.42
255.50,18,0.42
255.50,19,0.42
255.54,0,0.55
255.54,1,0.56
255.54,2,0.53
255.54,3,0.50
255.54,4,0.48
255.54,5,0.46
255.54,6,0.44
255.54,7,0.43
255.54,8,0.43
255.54,9,0.42
255.54,10,0.42
255.54,11,0.42
255.54,12,0.42
255.54,13,0.42
255.54,14,0.42
255.54,15,0.42
255.54,16,0.42
255.54,17,0.42
255.54,18,0.42
255.54,19,0.42
255.59,0,0.53
255.59,1,0.53
255.59,2,0.51
255.59,3,0.48
255.59,4,0.46
255.59,5,0.44
255.59,6,0.43
255.59,7,0.43
255.59,8,0.42
255.59,9,0.42
255.59,10,0.42
255.59,11,0.42
255.59,12,0.42
255.59,13,0.42
255.59,14,0.42
255.59,15,0.42
255.59,16,0.42
255.59,17,0.42
255.59,18,0.42
255.59,19,0.42
255.63,0,0.52
255.63,1,0.53
255.63,2,0.51
255.63,3,0.48
255.63,4,0.46
255.63,5,0.45
255.63,6,0.44
255.63,7,0.43
255.63,8,0.43
255.63,9,0.42
255.63,10,0.42
255.63,11,0.42
255.63,12,0.42
255.63,13,0.42
255.63,14,0.42
255.63,15,0.42
255.63,16,0.42
255.63,17,0.42
255.63,18,0.42
255.63,19,0.42
255.67,0,0.52
255.67,1,0.49
255.67,2,0.47
255.67,3,0.45
255.67,4,0.44
255.67,5,0.43
255.67,6,0.42
255.67,7,0.42
255.67,8,0.43
255.67,9,0.44
255.67,10,0.44
255.67,11,0.43
255.67,12,0.43
255.67,13,0.43
255.67,14,0.42
255.67,15,0.42
255.67,16,0.42
255.67,17,0.42
255.67,18,0.42
255.67,19,0.42
256.25,0,0.75
256.25,1,0.56
256.25,2,0.49
256.25,3,0.46
256.25,4,0.44
256.25,5,0.43
256.25,6,0.43
256.25,7,0.43
256.25,8,0.42
256.25,9,0.42
256.25,10,0.42
256.25,11,0.42
256.25,12,0.42
256.25,13,0.42
256.25,14,0.42
256.25,15,0.42
256.25,16,0.42
256.25,17,0.42
256.25,18,0.42
256.25,19,0.42
256.29,0,0.64
256.29,1,0.52
256.29,2,0.48
256.29,3,0.46
256.29,4,0.44
256.29,5,0.43
256.29,6,0.43
256.29,7,0.42
256.29,8,0.42
256.29,9,0.42
256.29,10,0.42
256.29,11,0.42
256.29,12,0.42
256.29,13,0.42
256.29,14,0.42
256.29,15,0.42
256.29,16,0.42
256.29,17,0.42
256.29,18,0.42
256.29,19,0.42
256.34,0,0.67
256.34,1,0.53
256.34,2,0.48
256.34,3,0.45
256.34,4,0.44
256.34,5,0.43
256.34,6,0.43
256.34,7,0.42
256.34,8,0.42
256.34,9,0.42
256.34,10,0.42
256.34,11,0.42
256.34,12,0.42
256.34,13,0.42
256.34,14,0.42
256.34,15,0.42
256.34,16,0.42
256.34,17,0.42
256.34,18,0.42
256.34,19,0.42
256.38,0,0.69
256.38,1,0.55
256.38,2,0.50
256.38,3,0.47
256.38,4,0.45
256.38,5,0.43
256.38,6,0.43
256.38,7,0.42
256.38,8,0.42
256.38,9,0.42
256.38,10,0.42
256.38,11,0.42
256.38,12,0.42
256.38,13,0.42
256.38,14,0.42
256.38,15,0.42
256.38,16,0.42
256.38,17,0.42
256.38,18,0.42
256.38,19,0.42
256.42,0,0.70
256.42,1,0.56
256.42,2,0.49
256.42,3,0.46
256.42,4,0.45
256.42,5,0.44
256.42,6,0.43
256.42,7,0.43
256.42,8,0.42
256.42,9,0.42
256.42,10,0.42
256.42,11,0.42
256.42,12,0.42
256.42,13,0.42
256.42,14,0.42
256.42,15,0.42
256.42,16,0.42
256.42,17,0.42
256.42,18,0.42
256.42,19,0.42
256.46,0,0.73
256.46,1,0.52
256.46,2,0.47
256.46,3,0.45
256.46,4,0.43
256.46,5,0.43
256.46,6,0.42
256.46,7,0.42
256.46,8,0.42
256.46,9,0.42
256.46,10,0.42
256.46,11,0.42
256.46,12,0.42
256.46,13,0.42
256.46,14,0.42
256.46,15,0.42
256.46,16,0.42
256.46,17,0.42
256.46,18,0.42
256.46,19,0.42
256.47,0,0.65
256.47,1,0.51
256.47,2,0.47
256.47,3,0.44
256.47,4,0.43
256.47,5,0.43
256.47,6,0.42
256.47,7,0.42
256.47,8,0.42
256.47,9,0.42
256.47,10,0.42
256.47,11,0.42
256.47,12,0.42
256.47,13,0.42
256.47,14,0.42
256.47,15,0.42
256.47,16,0.42
256.47,17,0.42
256.47,18,0.42
256.47,19,0.42
256.49,0,0.58
256.49,1,0.51
256.49,2,0.48
256.49,3,0.46
256.49,4,0.44
256.49,5,0.43
256.49,6,0.43
256.49,7,0.42
256.49,8,0.42
256.49,9,0.42
256.49,10,0.42
256.49,11,0.42
256.49,12,0.42
256.49,13,0.42
256.49,14,0.42
256.49,15,0.42
256.49,16,0.42
256.49,17,0.42
256.49,18,0.42
256.49,19,0.42
256.50,0,0.58
256.50,1,0.55
256.50,2,0.49
256.50,3,0.46
256.50,4,0.45
256.50,5,0.44
256.50,6,0.43
256.50,7,0.43
256.50,8,0.42
256.50,9,0.42
256.50,10,0.42
256.50,11,0.42
256.50,12,0.42
256.50,13,0.42
256.50,14,0.42
256.50,15,0.42
256.50,16,0.42
256.50,17,0.42
256.50,18,0.42
256.50,19,0.42
256.54,0,0.53
256.54,1,0.49
256.54,2,0.46
256.54,3,0.46
256.54,4,0.44
256.54,5,0.42
256.54,6,0.42
256.54,7,0.42
256.54,8,0.42
256.54,9,0.42
256.54,10,0.42
256.54,11,0.42
256.54,12,0.42
256.54,13,0.42
256.54,14,0.42
256.54,15,0.42
256.54,16,0.42
256.54,17,0.42
256.54,18,0.42
256.54,19,0.42
256.59,0,0.48
256.59,1,0.48
256.59,2,0.47
256.59,3,0.45
256.59,4,0.44
256.59,5,0.43
256.59,6,0.43
256.59,7,0.42
256.59,8,0.42
256.59,9,0.42
256.59,10,0.42
256.59,11,0.42
256.59,12,0.42
256.59,13,0.42
256.59,14,0.42
256.59,15,0.42
256.59,16,0.42
256.59,17,0.42
256.59,18,0.42
256.59,19,0.42
256.63,0,0.48
256.63,1,0.50
256.63,2,0.52
256.63,3,0.51
256.63,4,0.48
256.63,5,0.47
256.63,6,0.46
256.63,7,0.45
256.63,8,0.44
256.63,9,0.44
256.63,10,0.43
256.63,11,0.43
256.63,12,0.43
256.63,13,0.42
256.63,14,0.42
256.63,15,0.42
256.63,16,0.42
256.63,17,0.42
256.63,18,0.42
256.63,19,0.42
256.67,0,0.60
256.67,1,0.55
256.67,2,0.49
256.67,3,0.47
256.67,4,0.46
256.67,5,0.45
256.67,6,0.44
256.67,7,0.43
256.67,8,0.43
256.67,9,0.42
256.67,10,0.42
256.67,11,0.42
256.67,12,0.42
256.67,13,0.42
256.67,14,0.42
256.67,15,0.42
256.67,16,0.42
256.67,17,0.42
256.67,18,0.42
256.67,19,0.42
257.25,0,0.76
257.25,1,0.57
257.25,2,0.52
257.25,3,0.49
257.25,4,0.46
257.25,5,0.45
257.25,6,0.44
257.25,7,0.43
257.25,8,0.43
257.25,9,0.43
257.25,10,0.42
257.25,11,0.42
257.25,12,0.42
257.25,13,0.42
257.25,14,0.42
257.25,15,0.42
257.25,16,0.42
257.25,17,0.42
257.25,18,0.42
257.25,19,0.42
257.29,0,0.75
257.29,1,0.56
257.29,2,0.48
257.29,3,0.45
257.29,4,0.44
257.29,5,0.43
257.29,6,0.43
257.29,7,0.42
257.29,8,0.42
257.29,9,0.42
257.29,10,0.42
257.29,11,0.42
257.29,12,0.42
257.29,13,0.42
257.29,14,0.42
257.29,15,0.42
257.29,16,0.42
257.29,17,0.42
257.29,18,0.42
257.29,19,0.42
257.34,0,0.80
257.34,1,0.63
257.34,2,0.54
257.34,3,0.49
257.34,4,0.46
257.34,5,0.44
257.34,6,0.44
257.34,7,0.43
257.34,8,0.43
257.34,9,0.42
257.34,10,0.42
257.34,11,0.42
257.34,12,0.42
257.34,13,0.42
257.34,14,0.42
257.34,15,0.42
257.34,16,0.42
257.34,17,0.42
257.34,18,0.42
257.34,19,0.42
257.38,0,0.82
257.38,1,0.63
257.38,2,0.54
257.38,3,0.48
257.38,4,0.46
257.38,5,0.44
257.38,6,0.43
257.38,7,0.43
257.38,8,0.42
257.38,9,0.42
257.38,10,0.42
257.38,11,0.42
257.38,12,0.42
257.38,13,0.42
257.38,14,0.42
257.38,15,0.42
257.38,16,0.42
257.38,17,0.42
257.38,18,0.42
257.38,19,0.42
257.42,0,0.80
257.42,1,0.60
257.42,2,0.52
257.42,3,0.47
257.42,4,0.45
257.42,5,0.43
257.42,6,0.43
257.42,7,0.43
257.42,8,0.42
257.42,9,0.42
257.42,10,0.42
257.42,11,0.42
257.42,12,0.42
257.42,13,0.42
257.42,14,0.42
257.42,15,0.42
257.42,16,0.42
257.42,17,0.42
257.42,18,0.42
257.42,19,0.42
257.46,0,0.76
257.46,1,0.60
257.46,2,0.52
257.46,3,0.46
257.46,4,0.45
257.46,5,0.44
257.46,6,0.43
257.46,7,0.43
257.46,8,0.42
257.46,9,0.42
257.46,10,0.42
257.46,11,0.42
257.46,12,0.42
257.46,13,0.42
257.46,14,0.42
257.46,15,0.42
257.46,16,0.42
257.46,17,0.42
257.46,18,0.42
257.46,19,0.42
257.47,0,0.74
257.47,1,0.60
257.47,2,0.53
257.47,3,0.48
257.47,4,0.46
257.47,5,0.44
257.47,6,0.43
257.47,7,0.43
257.47,8,0.42
257.47,9,0.42
257.47,10,0.42
257.47,11,0.42
257.47,12,0.42
257.47,13,0.42
257.47,14,0.42
257.47,15,0.42
257.47,16,0.42
257.47,17,0.42
257.47,18,0.42
257.47,19,0.42
257.49,0,0.70
257.49,1,0.58
257.49,2,0.50
257.49,3,0.47
257.49,4,0.45
257.49,5,0.43
257.49,6,0.43
257.49,7,0.43
257.49,8,0.42
257.49,9,0.42
257.49,10,0.42
257.49,11,0.42
257.49,12,0.42
257.49,13,0.42
257.49,14,0.42
257.49,15,0.42
257.49,16,0.42
257.49,17,0.42
257.49,18,0.42
257.49,19,0.42
257.50,0,0.66
257.50,1,0.58
257.50,2,0.51
257.50,3,0.47
257.50,4,0.45
257.50,5,0.44
257.50,6,0.43
257.50,7,0.43
257.50,8,0.42
257.50,9,0.42
257.50,10,0.42
257.50,11,0.42
257.50,12,0.42
257.50,13,0.42
257.50,14,0.42
257.50,15,0.42
257.50,16,0.42
257.50,17,0.42
257.50,18,0.42
257.50,19,0.42
257.54,0,0.58
257.54,1,0.55
257.54,2,0.50
257.54,3,0.46
257.54,4,0.44
257.54,5,0.44
257.54,6,0.43
257.54,7,0.43
257.54,8,0.43
257.54,9,0.42
257.54,10,0.42
257.54,11,0.42
257.54,12,0.42
257.54,13,0.42
257.54,14,0.42
257.54,15,0.42
257.54,16,0.42
257.54,17,0.42
257.54,18,0.42
257.54,19,0.42
257.59,0,0.51
257.59,1,0.50
257.59,2,0.48
257.59,3,0.46
257.59,4,0.44
257.59,5,0.43
257.59,6,0.43
257.59,7,0.43
257.59,8,0.43
257.59,9,0.42
257.59,10,0.42
257.59,11,0.42
257.59,12,0.42
257.59,13,0.42
257.59,14,0.42
257.59,15,0.42
257.59,16,0.42
257.59,17,0.42
257.59,18,0.42
257.59,19,0.42
257.63,0,0.55
257.63,1,0.62
257.63,2,0.54
257.63,3,0.47
257.63,4,0.45
257.63,5,0.44
257.63,6,0.44
257.63,7,0.44
257.63,8,0.43
257.63,9,0.42
257.63,10,0.42
257.63,11,0.42
257.63,12,0.42
257.63,13,0.42
257.63,14,0.42
257.63,15,0.42
257.63,16,0.42
257.63,17,0.42
257.63,18,0.42
257.63,19,0.42
257.67,0,0.60
257.67,1,0.58
257.67,2,0.53
257.67,3,0.50
257.67,4,0.48
257.67,5,0.46
257.67,6,0.45
257.67,7,0.44
257.67,8,0.44
257.67,9,0.43
257.67,10,0.43
257.67,11,0.43
257.67,12,0.43
257.67,13,0.42
257.67,14,0.42
257.67,15,0.42
257.67,16,0.42
257.67,17,0.42
257.67,18,0.42
257.67,19,0.42
258.25,0,0.74
258.25,1,0.69
258.25,2,0.60
258.25,3,0.53
258.25,4,0.49
258.25,5,0.47
258.25,6,0.46
258.25,7,0.45
258.25,8,0.44
258.25,9,0.43
258.25,10,0.42
258.25,11,0.42
258.25,12,0.42
258.25,13,0.42
258.25,14,0.42
258.25,15,0.42
258.25,16,0.42
258.25,17,0.42
258.25,18,0.42
258.25,19,0.42
258.29,0,0.68
258.29,1,0.72
258.29,2,0.63
258.29,3,0.56
258.29,4,0.54
258.29,5,0.51
258.29,6,0.49
258.29,7,0.46
258.29,8,0.44
258.29,9,0.43
258.29,10,0.43
258.29,11,0.43
258.29,12,0.42
258.29,13,0.42
258.29,14,0.42
258.29,15,0.42
258.29,16,0.42
258.29,17,0.42
258.29,18,0.42
258.29,19,0.42
258.34,0,0.64
258.34,1,0.62
258.34,2,0.55
258.34,3,0.53
258.34,4,0.47
258.34,5,0.44
258.34,6,0.43
258.34,7,0.43
258.34,8,0.43
258.34,9,0.43
258.34,10,0.42
258.34,11,0.42
258.34,12,0.42
258.34,13,0.42
258.34,14,0.42
258.34,15,0.42
258.34,16,0.42
258.34,17,0.42
258.34,18,0.42
258.34,19,0.42
258.38,0,0.63
258.38,1,0.60
258.38,2,0.53
258.38,3,0.48
258.38,4,0.45
258.38,5,0.44
258.38,6,0.43
258.38,7,0.43
258.38,8,0.43
258.38,9,0.42
258.38,10,0.42
258.38,11,0.42
258.38,12,0.42
258.38,13,0.42
258.38,14,0.42
258.38,15,0.42
258.38,16,0.42
258.38,17,0.42
258.38,18,0.42
258.38,19,0.42
258.42,0,0.60
258.42,1,0.54
258.42,2,0.48
258.42,3,0.46
258.42,4,0.44
258.42,5,0.43
258.42,6,0.42
258.42,7,0.42
258.42,8,0.42
258.42,9,0.42
258.42,10,0.42
258.42,11,0.42
258.42,12,0.42
258.42,13,0.42
258.42,14,0.42
258.42,15,0.42
258.42,16,0.42
258.42,17,0.42
258.42,18,0.42
258.42,19,0.42
258.46,0,0.57
258.46,1,0.52
258.46,2,0.49
258.46,3,0.46
258.46,4,0.44
258.46,5,0.43
258.46,6,0.42
258.46,7,0.42
258.46,8,0.42
258.46,9,0.42
258.46,10,0.42
258.46,11,0.42
258.46,12,0.42
258.46,13,0.42
258.46,14,0.42
258.46,15,0.42
258.46,16,0.42
258.46,17,0.42
258.46,18,0.42
258.46,19,0.42
258.47,0,0.59
258.47,1,0.51
258.47,2,0.46
258.47,3,0.44
258.47,4,0.43
258.47,5,0.43
258.47,6,0.43
258.47,7,0.42
258.47,8,0.42
258.47,9,0.42
258.47,10,0.42
258.47,11,0.42
258.47,12,0.42
258.47,13,0.42
258.47,14,0.42
258.47,15,0.42
258.47,16,0.42
258.47,17,0.42
258.47,18,0.42
258.47,19,0.42
258.49,0,0.57
258.49,1,0.53
258.49,2,0.49
258.49,3,0.47
258.49,4,0.45
258.49,5,0.44
258.49,6,0.43
258.49,7,0.42
258.49,8,0.42
258.49,9,0.42
258.49,10,0.42
258.49,11,0.42
258.49,12,0.42
258.49,13,0.42
258.49,14,0.42
258.49,15,0.42
258.49,16,0.42
258.49,17,0.42
258.49,18,0.42
258.49,19,0.42
258.50,0,0.56
258.50,1,0.54
258.50,2,0.49
258.50,3,0.46
258.50,4,0.45
258.50,5,0.44
258.50,6,0.43
258.50,7,0.43
258.50,8,0.42
258.50,9,0.42
258.50,10,0.42
258.50,11,0.42
258.50,12,0.42
258.50,13,0.42
258.50,14,0.42
258.50,15,0.42
258.50,16,0.42
258.50,17,0.42
258.50,18,0.42
258.50,19,0.42
258.54,0,0.58
258.54,1,0.58
258.54,2,0.55
258.54,3,0.52
258.54,4,0.48
258.54,5,0.46
258.54,6,0.44
258.54,7,0.43
258.54,8,0.43
258.54,9,0.42
258.54,10,0.42
258.54,11,0.42
258.54,12,0.42
258.54,13,0.42
258.54,14,0.42
258.54,15,0.42
258.54,16,0.42
258.54,17,0.42
258.54,18,0.42
258.54,19,0.42
258.59,0,0.57
258.59,1,0.65
258.59,2,0.60
258.59,3,0.55
258.59,4,0.52
258.59,5,0.49
258.59,6,0.46
258.59,7,0.45
258.59,8,0.44
258.59,9,0.44
258.59,10,0.43
258.59,11,0.43
258.59,12,0.43
258.59,13,0.42
258.59,14,0.42
258.59,15,0.42
258.59,16,0.42
258.59,17,0.42
258.59,18,0.42
258.59,19,0.42
258.63,0,0.64
258.63,1,0.71
258.63,2,0.62
258.63,3,0.56
258.63,4,0.51
258.63,5,0.48
258.63,6,0.46
258.63,7,0.45
258.63,8,0.44
258.63,9,0.44
258.63,10,0.44
258.63,11,0.43
258.63,12,0.43
258.63,13,0.43
258.63,14,0.42
258.63,15,0.42
258.63,16,0.42
258.63,17,0.42
258.63,18,0.42
258.63,19,0.42
258.67,0,0.74
258.67,1,0.79
258.67,2,0.71
258.67,3,0.65
258.67,4,0.61
258.67,5,0.57
258.67,6,0.52
258.67,7,0.49
258.67,8,0.46
258.67,9,0.45
258.67,10,0.45
258.67,11,0.44
258.67,12,0.44
258.67,13,0.43
258.67,14,0.43
258.67,15,0.43
258.67,16,0.42
258.67,17,0.42
258.67,18,0.42
258.67,19,0.42
259.25,0,0.58
259.25,1,0.62
259.25,2,0.54
259.25,3,0.48
259.25,4,0.45
259.25,5,0.44
259.25,6,0.43
259.25,7,0.43
259.25,8,0.42
259.25,9,0.42
259.25,10,0.42
259.25,11,0.42
259.25,12,0.42
259.25,13,0.42
259.25,14,0.42
259.25,15,0.42
259.25,16,0.42
259.25,17,0.42
259.25,18,0.42
259.25,19,0.42
259.29,0,0.54
259.29,1,0.53
259.29,2,0.50
259.29,3,0.47
259.29,4,0.46
259.29,5,0.45
259.29,6,0.44
259.29,7,0.43
259.29,8,0.43
259.29,9,0.42
259.29,10,0.42
259.29,11,0.42
259.29,12,0.42
259.29,13,0.42
259.29,14,0.42
259.29,15,0.42
259.29,16,0.42
259.29,17,0.42
259.29,18,0.42
259.29,19,0.42
259.34,0,0.69
259.34,1,0.61
259.34,2,0.53
259.34,3,0.48
259.34,4,0.46
259.34,5,0.45
259.34,6,0.44
259.34,7,0.43
259.34,8,0.43
259.34,9,0.43
259.34,10,0.42
259.34,11,0.42
259.34,12,0.42
259.34,13,0.42
259.34,14,0.42
259.34,15,0.42
259.34,16,0.42
259.34,17,0.42
259.34,18,0.42
259.34,19,0.42
259.38,0,0.72
259.38,1,0.78
259.38,2,0.67
259.38,3,0.59
259.38,4,0.52
259.38,5,0.47
259.38,6,0.45
259.38,7,0.45
259.38,8,0.44
259.38,9,0.44
259.38,10,0.43
259.38,11,0.43
259.38,12,0.43
259.38,13,0.42
259.38,14,0.42
259.38,15,0.42
259.38,16,0.42
259.38,17,0.42
259.38,18,0.42
259.38,19,0.42
259.42,0,0.67
259.42,1,0.73
259.42,2,0.61
259.42,3,0.56
259.42,4,0.52
259.42,5,0.49
259.42,6,0.48
259.42,7,0.46
259.42,8,0.45
259.42,9,0.44
259.42,10,0.43
259.42,11,0.43
259.42,12,0.43
259.42,13,0.42
259.42,14,0.42
259.42,15,0.42
259.42,16,0.42
259.42,17,0.42
259.42,18,0.42
259.42,19,0.42
259.46,0,0.68
259.46,1,0.68
259.46,2,0.59
259.46,3,0.53
259.46,4,0.49
259.46,5,0.46
259.46,6,0.44
259.46,7,0.43
259.46,8,0.43
259.46,9,0.43
259.46,10,0.42
259.46,11,0.42
259.46,12,0.42
259.46,13,0.42
259.46,14,0.42
259.46,15,0.42
259.46,16,0.42
259.46,17,0.42
259.46,18,0.42
259.46,19,0.42
259.47,0,0.57
259.47,1,0.63
259.47,2,0.59
259.47,3,0.54
259.47,4,0.51
259.47,5,0.48
259.47,6,0.46
259.47,7,0.46
259.47,8,0.45
259.47,9,0.44
259.47,10,0.43
259.47,11,0.43
259.47,12,0.43
259.47,13,0.42
259.47,14,0.42
259.47,15,0.42
259.47,16,0.42
259.47,17,0.42
259.47,18,0.42
259.47,19,0.42
259.49,0,0.56
259.49,1,0.64
259.49,2,0.56
259.49,3,0.52
259.49,4,0.50
259.49,5,0.47
259.49,6,0.45
259.49,7,0.45
259.49,8,0.44
259.49,9,0.43
259.49,10,0.43
259.49,11,0.43
259.49,12,0.42
259.49,13,0.42
259.49,14,0.42
259.49,15,0.42
259.49,16,0.42
259.49,17,0.42
259.49,18,0.42
259.49,19,0.42
259.50,0,0.59
259.50,1,0.59
259.50,2,0.52
259.50,3,0.50
259.50,4,0.47
259.50,5,0.45
259.50,6,0.44
259.50,7,0.44
259.50,8,0.43
259.50,9,0.43
259.50,10,0.43
259.50,11,0.43
259.50,12,0.42
259.50,13,0.42
259.50,14,0.42
259.50,15,0.42
259.50,16,0.42
259.50,17,0.42
259.50,18,0.42
259.50,19,0.42
259.54,0,0.59
259.54,1,0.67
259.54,2,0.59
259.54,3,0.54
259.54,4,0.51
259.54,5,0.48
259.54,6,0.46
259.54,7,0.44
259.54,8,0.44
259.54,9,0.43
259.54,10,0.43
259.54,11,0.43
259.54,12,0.42
259.54,13,0.42
259.54,14,0.42
259.54,15,0.42
259.54,16,0.42
259.54,17,0.42
259.54,18,0.42
259.54,19,0.42
259.59,0,0.53
259.59,1,0.57
259.59,2,0.52
259.59,3,0.49
259.59,4,0.46
259.59,5,0.44
259.59,6,0.43
259.59,7,0.43
259.59,8,0.43
259.59,9,0.43
259.59,10,0.42
259.59,11,0.42
259.59,12,0.42
259.59,13,0.42
259.59,14,0.42
259.59,15,0.42
259.59,16,0.42
259.59,17,0.42
259.59,18,0.42
259.59,19,0.42
259.63,0,0.56
259.63,1,0.55
259.63,2,0.51
259.63,3,0.47
259.63,4,0.45
259.63,5,0.44
259.63,6,0.43
259.63,7,0.43
259.63,8,0.43
259.63,9,0.43
259.63,10,0.42
259.63,11,0.42
259.63,12,0.42
259.63,13,0.42
259.63,14,0.42
259.63,15,0.42
259.63,16,0.42
259.63,17,0.42
259.63,18,0.42
259.63,19,0.42
259.67,0,0.56
259.67,1,0.57
259.67,2,0.55
259.67,3,0.53
259.67,4,0.51
259.67,5,0.48
259.67,6,0.46
259.67,7,0.45
259.67,8,0.44
259.67,9,0.44
259.67,10,0.44
259.67,11,0.43
259.67,12,0.43
259.67,13,0.43
259.67,14,0.42
259.67,15,0.42
259.67,16,0.42
259.67,17,0.42
259.67,18,0.42
259.67,19,0.42
260.25,0,0.51
260.25,1,0.48
260.25,2,0.45
260.25,3,0.44
260.25,4,0.43
260.25,5,0.43
260.25,6,0.42
260.25,7,0.42
260.25,8,0.42
260.25,9,0.42
260.25,10,0.42
260.25,11,0.42
260.25,12,0.42
260.25,13,0.42
260.25,14,0.42
260.25,15,0.42
260.25,16,0.42
260.25,17,0.42
260.25,18,0.42
260.25,19,0.42
260.29,0,0.54
260.29,1,0.47
260.29,2,0.45
260.29,3,0.44
260.29,4,0.43
260.29,5,0.43
260.29,6,0.43
260.29,7,0.42
260.29,8,0.42
260.29,9,0.42
260.29,10,0.42
260.29,11,0.42
260.29,12,0.42
260.29,13,0.42
260.29,14,0.42
260.29,15,0.42
260.29,16,0.42
260.29,17,0.42
260.29,18,0.42
260.29,19,0.42
260.34,0,0.53
260.34,1,0.56
260.34,2,0.46
260.34,3,0.46
260.34,4,0.51
260.34,5,0.47
260.34,6,0.44
260.34,7,0.44
260.34,8,0.43
260.34,9,0.43
260.34,10,0.43
260.34,11,0.42
260.34,12,0.42
260.34,13,0.42
260.34,14,0.42
260.34,15,0.42
260.34,16,0.42
260.34,17,0.42
260.34,18,0.42
260.34,19,0.42
260.38,0,0.53
260.38,1,0.62
260.38,2,0.56
260.38,3,0.53
260.38,4,0.49
260.38,5,0.46
260.38,6,0.43
260.38,7,0.42
260.38,8,0.42
260.38,9,0.42
260.38,10,0.42
260.38,11,0.42
260.38,12,0.42
260.38,13,0.42
260.38,14,0.42
260.38,15,0.42
260.38,16,0.42
260.38,17,0.42
260.38,18,0.42
260.38,19,0.42
260.42,0,0.50
260.42,1,0.54
260.42,2,0.51
260.42,3,0.46
260.42,4,0.44
260.42,5,0.44
260.42,6,0.43
260.42,7,0.43
260.42,8,0.43
260.42,9,0.42
260.42,10,0.42
260.42,11,0.42
260.42,12,0.42
260.42,13,0.42
260.42,14,0.42
260.42,15,0.42
260.42,16,0.42
260.42,17,0.42
260.42,18,0.42
260.42,19,0.42
260.46,0,0.57
260.46,1,0.50
260.46,2,0.48
260.46,3,0.46
260.46,4,0.44
260.46,5,0.44
260.46,6,0.43
260.46,7,0.43
260.46,8,0.42
260.46,9,0.42
260.46,10,0.42
260.46,11,0.42
260.46,12,0.42
260.46,13,0.42
260.46,14,0.42
260.46,15,0.42
260.46,16,0.42
260.46,17,0.42
260.46,18,0.42
260.46,19,0.42
260.47,0,0.55
260.47,1,0.48
260.47,2,0.46
260.47,3,0.44
260.47,4,0.43
260.47,5,0.43
260.47,6,0.42
260.47,7,0.42
260.47,8,0.42
260.47,9,0.42
260.47,10,0.42
260.47,11,0.42
260.47,12,0.42
260.47,13,0.42
260.47,14,0.42
260.47,15,0.42
260.47,16,0.42
260.47,17,0.42
260.47,18,0.42
260.47,19,0.42
260.49,0,0.52
260.49,1,0.47
260.49,2,0.46
260.49,3,0.45
260.49,4,0.44
260.49,5,0.42
260.49,6,0.41
260.49,7,0.42
260.49,8,0.42
260.49,9,0.42
260.49,10,0.42
260.49,11,0.42
260.49,12,0.42
260.49,13,0.42
260.49,14,0.42
260.49,15,0.42
260.49,16,0.42
260.49,17,0.42
260.49,18,0.42
260.49,19,0.42
260.50,0,0.47
260.50,1,0.50
260.50,2,0.48
260.50,3,0.46
260.50,4,0.44
260.50,5,0.45
260.50,6,0.45
260.50,7,0.44
260.50,8,0.44
260.50,9,0.44
260.50,10,0.43
260.50,11,0.43
260.50,12,0.43
260.50,13,0.42
260.50,14,0.42
260.50,15,0.42
260.50,16,0.42
260.50,17,0.42
260.50,18,0.42
260.50,19,0.42
260.54,0,0.51
260.54,1,0.49
260.54,2,0.47
260.54,3,0.45
260.54,4,0.44
260.54,5,0.43
260.54,6,0.43
260.54,7,0.42
260.54,8,0.42
260.54,9,0.42
260.54,10,0.42
260.54,11,0.42
260.54,12,0.42
260.54,13,0.42
260.54,14,0.42
260.54,15,0.42
260.54,16,0.42
260.54,17,0.42
260.54,18,0.42
260.54,19,0.42
260.59,0,0.51
260.59,1,0.49
260.59,2,0.49
260.59,3,0.48
260.59,4,0.47
260.59,5,0.45
260.59,6,0.44
260.59,7,0.43
260.59,8,0.43
260.59,9,0.43
260.59,10,0.43
260.59,11,0.43
260.59,12,0.42
260.59,13,0.42
260.59,14,0.42
260.59,15,0.42
260.59,16,0.42
260.59,17,0.42
260.59,18,0.42
260.59,19,0.42
260.63,0,0.49
260.63,1,0.54
260.63,2,0.53
260.63,3,0.51
260.63,4,0.48
260.63,5,0.46
260.63,6,0.45
260.63,7,0.44
260.63,8,0.43
260.63,9,0.42
260.63,10,0.42
260.63,11,0.42
260.63,12,0.42
260.63,13,0.42
260.63,14,0.42
260.63,15,0.42
260.63,16,0.42
260.63,17,0.42
260.63,18,0.42
260.63,19,0.42
260.67,0,0.62
260.67,1,0.55
260.67,2,0.49
260.67,3,0.46
260.67,4,0.45
260.67,5,0.44
260.67,6,0.43
260.67,7,0.43
260.67,8,0.42
260.67,9,0.42
260.67,10,0.42
260.67,11,0.42
260.67,12,0.42
260.67,13,0.42
260.67,14,0.42
260.67,15,0.42
260.67,16,0.42
260.67,17,0.42
260.67,18,0.42
260.67,19,0.42
261.25,0,0.57
261.25,1,0.47
261.25,2,0.44
261.25,3,0.43
261.25,4,0.43
261.25,5,0.43
261.25,6,0.43
261.25,7,0.42
261.25,8,0.42
261.25,9,0.42
261.25,10,0.42
261.25,11,0.42
261.25,12,0.42
261.25,13,0.42
261.25,14,0.42
261.25,15,0.42
261.25,16,0.42
261.25,17,0.42
261.25,18,0.42
261.25,19,0.42
261.29,0,0.45
261.29,1,0.46
261.29,2,0.44
261.29,3,0.44
261.29,4,0.43
261.29,5,0.43
261.29,6,0.42
261.29,7,0.42
261.29,8,0.42
261.29,9,0.42
261.29,10,0.42
261.29,11,0.42
261.29,12,0.42
261.29,13,0.42
261.29,14,0.42
261.29,15,0.42
261.29,16,0.42
261.29,17,0.42
261.29,18,0.42
261.29,19,0.42
261.34,0,0.47
261.34,1,0.44
261.34,2,0.43
261.34,3,0.43
261.34,4,0.42
261.34,5,0.42
261.34,6,0.42
261.34,7,0.42
261.34,8,0.42
261.34,9,0.42
261.34,10,0.42
261.34,11,0.42
261.34,12,0.42
261.34,13,0.42
261.34,14,0.42
261.34,15,0.42
261.34,16,0.42
261.34,17,0.42
261.34,18,0.42
261.34,19,0.42
261.38,0,0.46
261.38,1,0.45
261.38,2,0.44
261.38,3,0.44
261.38,4,0.43
261.38,5,0.42
261.38,6,0.42
261.38,7,0.43
261.38,8,0.43
261.38,9,0.43
261.38,10,0.43
261.38,11,0.43
261.38,12,0.42
261.38,13,0.42
261.38,14,0.42
261.38,15,0.42
261.38,16,0.42
261.38,17,0.42
261.38,18,0.42
261.38,19,0.42
261.42,0,0.44
261.42,1,0.45
261.42,2,0.44
261.42,3,0.44
261.42,4,0.44
261.42,5,0.44
261.42,6,0.43
261.42,7,0.43
261.42,8,0.42
261.42,9,0.42
261.42,10,0.42
261.42,11,0.42
261.42,12,0.42
261.42,13,0.42
261.42,14,0.42
261.42,15,0.42
261.42,16,0.42
261.42,17,0.42
261.42,18,0.42
261.42,19,0.42
261.46,0,0.44
261.46,1,0.44
261.46,2,0.44
261.46,3,0.43
261.46,4,0.43
261.46,5,0.42
261.46,6,0.42
261.46,7,0.42
261.46,8,0.42
261.46,9,0.42
261.46,10,0.42
261.46,11,0.42
261.46,12,0.42
261.46,13,0.42
261.46,14,0.42
261.46,15,0.42
261.46,16,0.42
261.46,17,0.42
261.46,18,0.42
261.46,19,0.42
261.47,0,0.43
261.47,1,0.45
261.47,2,0.44
261.47,3,0.43
261.47,4,0.43
261.47,5,0.44
261.47,6,0.43
261.47,7,0.43
261.47,8,0.43
261.47,9,0.42
261.47,10,0.42
261.47,11,0.42
261.47,12,0.42
261.47,13,0.42
261.47,14,0.42
261.47,15,0.42
261.47,16,0.42
261.47,17,0.42
261.47,18,0.42
261.47,19,0.42
261.49,0,0.44
261.49,1,0.44
261.49,2,0.44
261.49,3,0.45
261.49,4,0.45
261.49,5,0.45
261.49,6,0.44
261.49,7,0.43
261.49,8,0.43
261.49,9,0.43
261.49,10,0.42
261.49,11,0.42
261.49,12,0.42
261.49,13,0.42
261.49,14,0.42
261.49,15,0.42
261.49,16,0.42
261.49,17,0.42
261.49,18,0.42
261.49,19,0.42
261.50,0,0.44
261.50,1,0.44
261.50,2,0.44
261.50,3,0.44
261.50,4,0.44
261.50,5,0.43
261.50,6,0.43
261.50,7,0.43
261.50,8,0.43
261.50,9,0.43
261.50,10,0.43
261.50,11,0.42
261.50,12,0.42
261.50,13,0.42
261.50,14,0.42
261.50,15,0.42
261.50,16,0.42
261.50,17,0.42
261.50,18,0.42
261.50,19,0.42
261.54,0,0.43
261.54,1,0.44
261.54,2,0.44
261.54,3,0.43
261.54,4,0.43
261.54,5,0.42
261.54,6,0.42
261.54,7,0.42
261.54,8,0.42
261.54,9,0.42
261.54,10,0.42
261.54,11,0.42
261.54,12,0.42
261.54,13,0.42
261.54,14,0.42
261.54,15,0.42
261.54,16,0.42
261.54,17,0.42
261.54,18,0.42
261.54,19,0.42
261.59,0,0.43
261.59,1,0.44
261.59,2,0.43
261.59,3,0.43
261.59,4,0.43
261.59,5,0.43
261.59,6,0.42
261.59,7,0.42
261.59,8,0.42
261.59,9,0.42
261.59,10,0.42
261.59,11,0.42
261.59,12,0.42
261.59,13,0.42
261.59,14,0.42
261.59,15,0.42
261.59,16,0.42
261.59,17,0.42
261.59,18,0.42
261.59,19,0.42
261.63,0,0.45
261.63,1,0.44
261.63,2,0.44
261.63,3,0.43
261.63,4,0.43
261.63,5,0.43
261.63,6,0.42
261.63,7,0.42
261.63,8,0.42
261.63,9,0.42
261.63,10,0.42
261.63,11,0.42
261.63,12,0.42
261.63,13,0.42
261.63,14,0.42
261.63,15,0.42
261.63,16,0.42
261.63,17,0.42
261.63,18,0.42
261.63,19,0.42
261.67,0,0.46
261.67,1,0.45
261.67,2,0.44
261.67,3,0.44
261.67,4,0.43
261.67,5,0.43
261.67,6,0.42
261.67,7,0.42
261.67,8,0.42
261.67,9,0.42
261.67,10,0.42
261.67,11,0.42
261.67,12,0.42
261.67,13,0.42
261.67,14,0.42
261.67,15,0.42
261.67,16,0.42
261.67,17,0.42
261.67,18,0.42
261.67,19,0.42
262.25,0,0.65
262.25,1,0.51
262.25,2,0.47
262.25,3,0.44
262.25,4,0.43
262.25,5,0.43
262.25,6,0.42
262.25,7,0.42
262.25,8,0.42
262.25,9,0.42
262.25,10,0.42
262.25,11,0.42
262.25,12,0.42
262.25,13,0.42
262.25,14,0.42
262.25,15,0.42
262.25,16,0.42
262.25,17,0.42
262.25,18,0.42
262.25,19,0.42
262.29,0,0.70
262.29,1,0.51
262.29,2,0.46
262.29,3,0.44
262.29,4,0.43
262.29,5,0.42
262.29,6,0.42
262.29,7,0.42
262.29,8,0.42
262.29,9,0.42
262.29,10,0.42
262.29,11,0.42
262.29,12,0.42
262.29,13,0.42
262.29,14,0.42
262.29,15,0.42
262.29,16,0.42
262.29,17,0.42
262.29,18,0.42
262.29,19,0.42
262.34,0,0.67
262.34,1,0.51
262.34,2,0.45
262.34,3,0.43
262.34,4,0.43
262.34,5,0.42
262.34,6,0.42
262.34,7,0.42
262.34,8,0.42
262.34,9,0.42
262.34,10,0.42
262.34,11,0.42
262.34,12,0.42
262.34,13,0.42
262.34,14,0.42
262.34,15,0.42
262.34,16,0.42
262.34,17,0.42
262.34,18,0.42
262.34,19,0.42
262.38,0,0.69
262.38,1,0.55
262.38,2,0.47
262.38,3,0.45
262.38,4,0.44
262.38,5,0.43
262.38,6,0.43
262.38,7,0.43
262.38,8,0.42
262.38,9,0.42
262.38,10,0.42
262.38,11,0.42
262.38,12,0.42
262.38,13,0.42
262.38,14,0.42
262.38,15,0.42
262.38,16,0.42
262.38,17,0.42
262.38,18,0.42
262.38,19,0.42
262.42,0,0.60
262.42,1,0.56
262.42,2,0.48
262.42,3,0.47
262.42,4,0.45
262.42,5,0.45
262.42,6,0.44
262.42,7,0.44
262.42,8,0.43
262.42,9,0.43
262.42,10,0.42
262.42,11,0.42
262.42,12,0.42
262.42,13,0.42
262.42,14,0.42
262.42,15,0.42
262.42,16,0.42
262.42,17,0.42
262.42,18,0.42
262.42,19,0.42
262.46,0,0.55
262.46,1,0.52
262.46,2,0.46
262.46,3,0.44
262.46,4,0.44
262.46,5,0.43
262.46,6,0.43
262.46,7,0.42
262.46,8,0.42
262.46,9,0.42
262.46,10,0.42
262.46,11,0.42
262.46,12,0.42
262.46,13,0.42
262.46,14,0.42
262.46,15,0.42
262.46,16,0.42
262.46,17,0.42
262.46,18,0.42
262.46,19,0.42
262.47,0,0.54
262.47,1,0.52
262.47,2,0.48
262.47,3,0.47
262.47,4,0.46
262.47,5,0.45
262.47,6,0.43
262.47,7,0.43
262.47,8,0.42
262.47,9,0.42
262.47,10,0.42
262.47,11,0.42
262.47,12,0.42
262.47,13,0.42
262.47,14,0.42
262.47,15,0.42
262.47,16,0.42
262.47,17,0.42
262.47,18,0.42
262.47,19,0.42
262.49,0,0.56
262.49,1,0.59
262.49,2,0.54
262.49,3,0.51
262.49,4,0.51
262.49,5,0.48
262.49,6,0.45
262.49,7,0.44
262.49,8,0.44
262.49,9,0.43
262.49,10,0.43
262.49,11,0.43
262.49,12,0.42
262.49,13,0.42
262.49,14,0.42
262.49,15,0.42
262.49,16,0.42
262.49,17,0.42
262.49,18,0.42
262.49,19,0.42
262.50,0,0.58
262.50,1,0.62
262.50,2,0.55
262.50,3,0.54
262.50,4,0.52
262.50,5,0.49
262.50,6,0.47
262.50,7,0.46
262.50,8,0.46
262.50,9,0.45
262.50,10,0.44
262.50,11,0.43
262.50,12,0.43
262.50,13,0.43
262.50,14,0.42
262.50,15,0.42
262.50,16,0.42
262.50,17,0.42
262.50,18,0.42
262.50,19,0.42
262.54,0,0.58
262.54,1,0.53
262.54,2,0.48
262.54,3,0.46
262.54,4,0.44
262.54,5,0.43
262.54,6,0.43
262.54,7,0.43
262.54,8,0.42
262.54,9,0.42
262.54,10,0.42
262.54,11,0.42
262.54,12,0.42
262.54,13,0.42
262.54,14,0.42
262.54,15,0.42
262.54,16,0.42
262.54,17,0.42
262.54,18,0.42
262.54,19,0.42
262.59,0,0.58
262.59,1,0.52
262.59,2,0.47
262.59,3,0.44
262.59,4,0.44
262.59,5,0.44
262.59,6,0.43
262.59,7,0.43
262.59,8,0.42
262.59,9,0.42
262.59,10,0.42
262.59,11,0.42
262.59,12,0.42
262.59,13,0.42
262.59,14,0.42
262.59,15,0.42
262.59,16,0.42
262.59,17,0.42
262.59,18,0.42
262.59,19,0.42
262.63,0,0.54
262.63,1,0.53
262.63,2,0.48
262.63,3,0.46
262.63,4,0.44
262.63,5,0.43
262.63,6,0.42
262.63,7,0.42
262.63,8,0.42
262.63,9,0.42
262.63,10,0.42
262.63,11,0.42
262.63,12,0.42
262.63,13,0.42
262.63,14,0.42
262.63,15,0.42
262.63,16,0.42
262.63,17,0.42
262.63,18,0.42
262.63,19,0.42
262.67,0,0.63
262.67,1,0.61
262.67,2,0.53
262.67,3,0.49
262.67,4,0.48
262.67,5,0.46
262.67,6,0.44
262.67,7,0.43
262.67,8,0.42
262.67,9,0.42
262.67,10,0.42
262.67,11,0.42
262.67,12,0.42
262.67,13,0.42
262.67,14,0.42
262.67,15,0.42
262.67,16,0.42
262.67,17,0.42
262.67,18,0.42
262.67,19,0.42
263.25,0,0.65
263.25,1,0.48
263.25,2,0.45
263.25,3,0.44
263.25,4,0.43
263.25,5,0.43
263.25,6,0.42
263.25,7,0.42
263.25,8,0.42
263.25,9,0.42
263.25,10,0.42
263.25,11,0.42
263.25,12,0.42
263.25,13,0.42
263.25,14,0.42
263.25,15,0.42
263.25,16,0.42
263.25,17,0.42
263.25,18,0.42
263.25,19,0.42
263.29,0,0.70
263.29,1,0.52
263.29,2,0.47
263.29,3,0.45
263.29,4,0.44
263.29,5,0.44
263.29,6,0.43
263.29,7,0.43
263.29,8,0.42
263.29,9,0.42
263.29,10,0.42
263.29,11,0.42
263.29,12,0.42
263.29,13,0.42
263.29,14,0.42
263.29,15,0.42
263.29,16,0.42
263.29,17,0.42
263.29,18,0.42
263.29,19,0.42
263.34,0,0.61
263.34,1,0.49
263.34,2,0.46
263.34,3,0.45
263.34,4,0.44
263.34,5,0.43
263.34,6,0.42
263.34,7,0.42
263.34,8,0.42
263.34,9,0.42
263.34,10,0.42
263.34,11,0.42
263.34,12,0.42
263.34,13,0.42
263.34,14,0.42
263.34,15,0.42
263.34,16,0.42
263.34,17,0.42
263.34,18,0.42
263.34,19,0.42
263.38,0,0.55
263.38,1,0.52
263.38,2,0.51
263.38,3,0.49
263.38,4,0.47
263.38,5,0.45
263.38,6,0.45
263.38,7,0.44
263.38,8,0.43
263.38,9,0.43
263.38,10,0.42
263.38,11,0.42
263.38,12,0.42
263.38,13,0.42
263.38,14,0.42
263.38,15,0.42
263.38,16,0.42
263.38,17,0.42
263.38,18,0.42
263.38,19,0.42
263.42,0,0.63
263.42,1,0.57
263.42,2,0.53
263.42,3,0.51
263.42,4,0.49
263.42,5,0.47
263.42,6,0.45
263.42,7,0.44
263.42,8,0.44
263.42,9,0.44
263.42,10,0.44
263.42,11,0.44
263.42,12,0.44
263.42,13,0.44
263.42,14,0.43
263.42,15,0.43
263.42,16,0.43
263.42,17,0.42
263.42,18,0.42
263.42,19,0.42
263.46,0,0.60
263.46,1,0.69
263.46,2,0.61
263.46,3,0.55
263.46,4,0.53
263.46,5,0.50
263.46,6,0.47
263.46,7,0.45
263.46,8,0.43
263.46,9,0.43
263.46,10,0.42
263.46,11,0.42
263.46,12,0.42
263.46,13,0.42
263.46,14,0.42
263.46,15,0.42
263.46,16,0.42
263.46,17,0.42
263.46,18,0.42
263.46,19,0.42
263.47,0,0.64
263.47,1,0.58
263.47,2,0.58
263.47,3,0.54
263.47,4,0.49
263.47,5,0.46
263.47,6,0.44
263.47,7,0.43
263.47,8,0.42
263.47,9,0.42
263.47,10,0.42
263.47,11,0.42
263.47,12,0.42
263.47,13,0.42
263.47,14,0.42
263.47,15,0.42
263.47,16,0.42
263.47,17,0.42
263.47,18,0.42
263.47,19,0.42
263.49,0,0.53
263.49,1,0.59
263.49,2,0.54
263.49,3,0.52
263.49,4,0.48
263.49,5,0.46
263.49,6,0.44
263.49,7,0.43
263.49,8,0.42
263.49,9,0.42
263.49,10,0.42
263.49,11,0.42
263.49,12,0.42
263.49,13,0.42
263.49,14,0.42
263.49,15,0.42
263.49,16,0.42
263.49,17,0.42
263.49,18,0.42
263.49,19,0.42
263.50,0,0.52
263.50,1,0.57
263.50,2,0.54
263.50,3,0.49
263.50,4,0.46
263.50,5,0.45
263.50,6,0.44
263.50,7,0.43
263.50,8,0.43
263.50,9,0.42
263.50,10,0.42
263.50,11,0.42
263.50,12,0.42
263.50,13,0.42
263.50,14,0.42
263.50,15,0.42
263.50,16,0.42
263.50,17,0.42
263.50,18,0.42
263.50,19,0.42
263.54,0,0.51
263.54,1,0.54
263.54,2,0.50
263.54,3,0.47
263.54,4,0.46
263.54,5,0.46
263.54,6,0.47
263.54,7,0.47
263.54,8,0.46
263.54,9,0.45
263.54,10,0.45
263.54,11,0.44
263.54,12,0.43
263.54,13,0.43
263.54,14,0.43
263.54,15,0.42
263.54,16,0.42
263.54,17,0.42
263.54,18,0.42
263.54,19,0.42
263.59,0,0.52
263.59,1,0.53
263.59,2,0.50
263.59,3,0.48
263.59,4,0.47
263.59,5,0.45
263.59,6,0.44
263.59,7,0.43
263.59,8,0.43
263.59,9,0.42
263.59,10,0.42
263.59,11,0.42
263.59,12,0.42
263.59,13,0.42
263.59,14,0.42
263.59,15,0.42
263.59,16,0.42
263.59,17,0.42
263.59,18,0.42
263.59,19,0.42
263.63,0,0.50
263.63,1,0.54
263.63,2,0.52
263.63,3,0.52
263.63,4,0.51
263.63,5,0.50
263.63,6,0.49
263.63,7,0.47
263.63,8,0.46
263.63,9,0.46
263.63,10,0.45
263.63,11,0.44
263.63,12,0.44
263.63,13,0.43
263.63,14,0.43
263.63,15,0.43
263.63,16,0.42
263.63,17,0.42
263.63,18,0.42
263.63,19,0.42
263.67,0,0.55
263.67,1,0.58
263.67,2,0.56
263.67,3,0.55
263.67,4,0.57
263.67,5,0.55
263.67,6,0.51
263.67,7,0.47
263.67,8,0.45
263.67,9,0.45
263.67,10,0.44
263.67,11,0.43
263.67,12,0.43
263.67,13,0.43
263.67,14,0.42
263.67,15,0.42
263.67,16,0.42
263.67,17,0.42
263.67,18,0.42
263.67,19,0.42
264.25,0,0.85
264.25,1,1.00
264.25,2,0.82
264.25,3,0.72
264.25,4,0.60
264.25,5,0.55
264.25,6,0.51
264.25,7,0.47
264.25,8,0.45
264.25,9,0.45
264.25,10,0.44
264.25,11,0.43
264.25,12,0.43
264.25,13,0.43
264.25,14,0.43
264.25,15,0.42
264.25,16,0.42
264.25,17,0.42
264.25,18,0.42
264.25,19,0.42
264.29,0,0.90
264.29,1,0.82
264.29,2,0.71
264.29,3,0.61
264.29,4,0.54
264.29,5,0.49
264.29,6,0.47
264.29,7,0.45
264.29,8,0.44
264.29,9,0.43
264.29,10,0.42
264.29,11,0.42
264.29,12,0.42
264.29,13,0.42
264.29,14,0.42
264.29,15,0.42
264.29,16,0.42
264.29,17,0.42
264.29,18,0.42
264.29,19,0.42
264.34,0,0.84
264.34,1,0.74
264.34,2,0.63
264.34,3,0.55
264.34,4,0.50
264.34,5,0.47
264.34,6,0.45
264.34,7,0.44
264.34,8,0.43
264.34,9,0.43
264.34,10,0.42
264.34,11,0.42
264.34,12,0.42
264.34,13,0.42
264.34,14,0.42
264.34,15,0.42
264.34,16,0.42
264.34,17,0.42
264.34,18,0.42
264.34,19,0.42
264.38,0,0.74
264.38,1,0.71
264.38,2,0.59
264.38,3,0.54
264.38,4,0.50
264.38,5,0.47
264.38,6,0.45
264.38,7,0.44
264.38,8,0.43
264.38,9,0.42
264.38,10,0.42
264.38,11,0.42
264.38,12,0.42
264.38,13,0.42
264.38,14,0.42
264.38,15,0.42
264.38,16,0.42
264.38,17,0.42
264.38,18,0.42
264.38,19,0.42
264.42,0,0.66
264.42,1,0.72
264.42,2,0.63
264.42,3,0.58
264.42,4,0.53
264.42,5,0.50
264.42,6,0.47
264.42,7,0.45
264.42,8,0.43
264.42,9,0.43
264.42,10,0.43
264.42,11,0.43
264.42,12,0.42
264.42,13,0.42
264.42,14,0.42
264.42,15,0.42
264.42,16,0.42
264.42,17,0.42
264.42,18,0.42
264.42,19,0.42
264.46,0,0.62
264.46,1,0.70
264.46,2,0.65
264.46,3,0.59
264.46,4,0.56
264.46,5,0.53
264.46,6,0.51
264.46,7,0.49
264.46,8,0.48
264.46,9,0.48
264.46,10,0.46
264.46,11,0.45
264.46,12,0.44
264.46,13,0.43
264.46,14,0.43
264.46,15,0.43
264.46,16,0.42
264.46,17,0.42
264.46,18,0.42
264.46,19,0.42
264.47,0,0.67
264.47,1,0.79
264.47,2,0.70
264.47,3,0.66
264.47,4,0.63
264.47,5,0.59
264.47,6,0.55
264.47,7,0.52
264.47,8,0.50
264.47,9,0.50
264.47,10,0.48
264.47,11,0.46
264.47,12,0.45
264.47,13,0.44
264.47,14,0.43
264.47,15,0.43
264.47,16,0.43
264.47,17,0.42
264.47,18,0.42
264.47,19,0.42
264.49,0,0.69
264.49,1,0.68
264.49,2,0.64
264.49,3,0.58
264.49,4,0.52
264.49,5,0.49
264.49,6,0.46
264.49,7,0.45
264.49,8,0.44
264.49,9,0.44
264.49,10,0.44
264.49,11,0.43
264.49,12,0.43
264.49,13,0.43
264.49,14,0.42
264.49,15,0.42
264.49,16,0.42
264.49,17,0.42
264.49,18,0.42
264.49,19,0.42
264.50,0,0.71
264.50,1,0.70
264.50,2,0.63
264.50,3,0.57
264.50,4,0.52
264.50,5,0.49
264.50,6,0.46
264.50,7,0.45
264.50,8,0.44
264.50,9,0.43
264.50,10,0.43
264.50,11,0.43
264.50,12,0.43
264.50,13,0.42
264.50,14,0.42
264.50,15,0.42
264.50,16,0.42
264.50,17,0.42
264.50,18,0.42
264.50,19,0.42
264.54,0,0.60
264.54,1,0.76
264.54,2,0.71
264.54,3,0.66
264.54,4,0.61
264.54,5,0.56
264.54,6,0.52
264.54,7,0.49
264.54,8,0.46
264.54,9,0.44
264.54,10,0.44
264.54,11,0.43
264.54,12,0.43
264.54,13,0.43
264.54,14,0.42
264.54,15,0.42
264.54,16,0.42
264.54,17,0.42
264.54,18,0.42
264.54,19,0.42
264.59,0,0.60
264.59,1,0.64
264.59,2,0.61
264.59,3,0.57
264.59,4,0.52
264.59,5,0.49
264.59,6,0.47
264.59,7,0.45
264.59,8,0.43
264.59,9,0.43
264.59,10,0.43
264.59,11,0.42
264.59,12,0.42
264.59,13,0.42
264.59,14,0.42
264.59,15,0.42
264.59,16,0.42
264.59,17,0.42
264.59,18,0.42
264.59,19,0.42
264.63,0,0.60
264.63,1,0.64
264.63,2,0.65
264.63,3,0.69
264.63,4,0.66
264.63,5,0.59
264.63,6,0.51
264.63,7,0.46
264.63,8,0.44
264.63,9,0.43
264.63,10,0.44
264.63,11,0.43
264.63,12,0.43
264.63,13,0.43
264.63,14,0.42
264.63,15,0.42
264.63,16,0.42
264.63,17,0.42
264.63,18,0.42
264.63,19,0.42
264.67,0,0.75
264.67,1,0.71
264.67,2,0.66
264.67,3,0.59
264.67,4,0.54
264.67,5,0.50
264.67,6,0.48
264.67,7,0.46
264.67,8,0.45
264.67,9,0.44
264.67,10,0.43
264.67,11,0.43
264.67,12,0.43
264.67,13,0.43
264.67,14,0.42
264.67,15,0.42
264.67,16,0.42
264.67,17,0.42
264.67,18,0.42
264.67,19,0.42
265.25,0,0.91
265.25,1,0.55
265.25,2,0.49
265.25,3,0.46
265.25,4,0.44
265.25,5,0.43
265.25,6,0.43
265.25,7,0.43
265.25,8,0.42
265.25,9,0.42
265.25,10,0.42
265.25,11,0.42
265.25,12,0.42
265.25,13,0.42
265.25,14,0.42
265.25,15,0.42
265.25,16,0.42
265.25,17,0.42
265.25,18,0.42
265.25,19,0.42
265.29,0,0.79
265.29,1,0.56
265.29,2,0.48
265.29,3,0.45
265.29,4,0.44
265.29,5,0.44
265.29,6,0.43
265.29,7,0.43
265.29,8,0.42
265.29,9,0.42
265.29,10,0.42
265.29,11,0.42
265.29,12,0.42
265.29,13,0.42
265.29,14,0.42
265.29,15,0.42
265.29,16,0.42
265.29,17,0.42
265.29,18,0.42
265.29,19,0.42
265.34,0,0.71
265.34,1,0.60
265.34,2,0.52
265.34,3,0.48
265.34,4,0.46
265.34,5,0.45
265.34,6,0.44
265.34,7,0.43
265.34,8,0.42
265.34,9,0.42
265.34,10,0.42
265.34,11,0.42
265.34,12,0.42
265.34,13,0.42
265.34,14,0.42
265.34,15,0.42
265.34,16,0.42
265.34,17,0.42
265.34,18,0.42
265.34,19,0.42
265.38,0,0.74
265.38,1,0.58
265.38,2,0.51
265.38,3,0.48
265.38,4,0.45
265.38,5,0.44
265.38,6,0.43
265.38,7,0.43
265.38,8,0.42
265.38,9,0.42
265.38,10,0.42
265.38,11,0.42
265.38,12,0.42
265.38,13,0.42
265.38,14,0.42
265.38,15,0.42
265.38,16,0.42
265.38,17,0.42
265.38,18,0.42
265.38,19,0.42
265.42,0,0.74
265.42,1,0.60
265.42,2,0.53
265.42,3,0.49
265.42,4,0.46
265.42,5,0.44
265.42,6,0.43
265.42,7,0.43
265.42,8,0.43
265.42,9,0.42
265.42,10,0.42
265.42,11,0.42
265.42,12,0.42
265.42,13,0.42
265.42,14,0.42
265.42,15,0.42
265.42,16,0.42
265.42,17,0.42
265.42,18,0.42
265.42,19,0.42
265.46,0,0.76
265.46,1,0.59
265.46,2,0.52
265.46,3,0.48
265.46,4,0.46
265.46,5,0.45
265.46,6,0.44
265.46,7,0.43
265.46,8,0.42
265.46,9,0.42
265.46,10,0.42
265.46,11,0.42
265.46,12,0.42
265.46,13,0.42
265.46,14,0.42
265.46,15,0.42
265.46,16,0.42
265.46,17,0.42
265.46,18,0.42
265.46,19,0.42
265.47,0,0.76
265.47,1,0.60
265.47,2,0.53
265.47,3,0.49
265.47,4,0.47
265.47,5,0.45
265.47,6,0.44
265.47,7,0.43
265.47,8,0.43
265.47,9,0.42
265.47,10,0.42
265.47,11,0.42
265.47,12,0.42
265.47,13,0.42
265.47,14,0.42
265.47,15,0.42
265.47,16,0.42
265.47,17,0.42
265.47,18,0.42
265.47,19,0.42
265.49,0,0.78
265.49,1,0.62
265.49,2,0.53
265.49,3,0.49
265.49,4,0.47
265.49,5,0.45
265.49,6,0.44
265.49,7,0.43
265.49,8,0.43
265.49,9,0.42
265.49,10,0.42
265.49,11,0.42
265.49,12,0.42
265.49,13,0.42
265.49,14,0.42
265.49,15,0.42
265.49,16,0.42
265.49,17,0.42
265.49,18,0.42
265.49,19,0.42
265.50,0,0.71
265.50,1,0.63
265.50,2,0.54
265.50,3,0.50
265.50,4,0.47
265.50,5,0.44
265.50,6,0.43
265.50,7,0.43
265.50,8,0.43
265.50,9,0.43
265.50,10,0.42
265.50,11,0.42
265.50,12,0.42
265.50,13,0.42
265.50,14,0.42
265.50,15,0.42
265.50,16,0.42
265.50,17,0.42
265.50,18,0.42
265.50,19,0.42
265.54,0,0.71
265.54,1,0.66
265.54,2,0.62
265.54,3,0.58
265.54,4,0.54
265.54,5,0.50
265.54,6,0.48
265.54,7,0.46
265.54,8,0.44
265.54,9,0.43
265.54,10,0.43
265.54,11,0.42
265.54,12,0.42
265.54,13,0.42
265.54,14,0.42
265.54,15,0.42
265.54,16,0.42
265.54,17,0.42
265.54,18,0.42
265.54,19,0.42
265.59,0,0.67
265.59,1,0.67
265.59,2,0.63
265.59,3,0.59
265.59,4,0.55
265.59,5,0.52
265.59,6,0.49
265.59,7,0.47
265.59,8,0.46
265.59,9,0.44
265.59,10,0.44
265.59,11,0.43
265.59,12,0.43
265.59,13,0.43
265.59,14,0.42
265.59,15,0.42
265.59,16,0.42
265.59,17,0.42
265.59,18,0.42
265.59,19,0.42
265.63,0,0.62
265.63,1,0.72
265.63,2,0.64
265.63,3,0.59
265.63,4,0.56
265.63,5,0.54
265.63,6,0.52
265.63,7,0.49
265.63,8,0.46
265.63,9,0.45
265.63,10,0.44
265.63,11,0.43
265.63,12,0.43
265.63,13,0.43
265.63,14,0.42
265.63,15,0.42
265.63,16,0.42
265.63,17,0.42
265.63,18,0.42
265.63,19,0.42
265.67,0,0.70
265.67,1,0.73
265.67,2,0.67
265.67,3,0.62
265.67,4,0.56
265.67,5,0.51
265.67,6,0.49
265.67,7,0.47
265.67,8,0.45
265.67,9,0.44
265.67,10,0.44
265.67,11,0.43
265.67,12,0.43
265.67,13,0.43
265.67,14,0.42
265.67,15,0.42
265.67,16,0.42
265.67,17,0.42
265.67,18,0.42
265.67,19,0.42
266.25,0,0.00
266.25,1,0.49
266.25,2,0.56
266.25,3,0.56
266.25,4,0.47
266.25,5,0.46
266.25,6,0.57
266.25,7,0.53
266.25,8,0.50
266.25,9,0.47
266.25,10,0.46
266.25,11,0.45
266.25,12,0.44
266.25,13,0.43
266.25,14,0.43
266.25,15,0.43
266.25,16,0.42
266.25,17,0.42
266.25,18,0.42
266.25,19,0.42
266.29,0,0.69
266.29,1,0.58
266.29,2,0.53
266.29,3,0.48
266.29,4,0.46
266.29,5,0.45
266.29,6,0.44
266.29,7,0.43
266.29,8,0.43
266.29,9,0.42
266.29,10,0.42
266.29,11,0.42
266.29,12,0.42
266.29,13,0.42
266.29,14,0.42
266.29,15,0.42
266.29,16,0.42
266.29,17,0.42
266.29,18,0.42
266.29,19,0.42
266.34,0,0.82
266.34,1,0.58
266.34,2,0.49
266.34,3,0.46
266.34,4,0.44
266.34,5,0.43
266.34,6,0.43
266.34,7,0.42
266.34,8,0.42
266.34,9,0.42
266.34,10,0.42
266.34,11,0.42
266.34,12,0.42
266.34,13,0.42
266.34,14,0.42
266.34,15,0.42
266.34,16,0.42
266.34,17,0.42
266.34,18,0.42
266.34,19,0.42
266.38,0,0.59
266.38,1,0.53
266.38,2,0.50
266.38,3,0.47
266.38,4,0.45
266.38,5,0.44
266.38,6,0.43
266.38,7,0.43
266.38,8,0.43
266.38,9,0.42
266.38,10,0.42
266.38,11,0.42
266.38,12,0.42
266.38,13,0.42
266.38,14,0.42
266.38,15,0.42
266.38,16,0.42
266.38,17,0.42
266.38,18,0.42
266.38,19,0.42
266.42,0,0.53
266.42,1,0.49
266.42,2,0.47
266.42,3,0.45
266.42,4,0.44
266.42,5,0.43
266.42,6,0.43
266.42,7,0.43
266.42,8,0.42
266.42,9,0.42
266.42,10,0.42
266.42,11,0.42
266.42,12,0.42
266.42,13,0.42
266.42,14,0.42
266.42,15,0.42
266.42,16,0.42
266.42,17,0.42
266.42,18,0.42
266.42,19,0.42
266.46,0,0.51
266.46,1,0.49
266.46,2,0.48
266.46,3,0.47
266.46,4,0.45
266.46,5,0.44
266.46,6,0.44
266.46,7,0.43
266.46,8,0.43
266.46,9,0.43
266.46,10,0.42
266.46,11,0.42
266.46,12,0.42
266.46,13,0.42
266.46,14,0.42
266.46,15,0.42
266.46,16,0.42
266.46,17,0.42
266.46,18,0.42
266.46,19,0.42
266.47,0,0.53
266.47,1,0.51
266.47,2,0.49
266.47,3,0.48
266.47,4,0.46
266.47,5,0.45
266.47,6,0.44
266.47,7,0.43
266.47,8,0.43
266.47,9,0.43
266.47,10,0.42
266.47,11,0.42
266.47,12,0.42
266.47,13,0.42
266.47,14,0.42
266.47,15,0.42
266.47,16,0.42
266.47,17,0.42
266.47,18,0.42
266.47,19,0.42
266.49,0,0.56
266.49,1,0.53
266.49,2,0.52
266.49,3,0.50
266.49,4,0.48
266.49,5,0.46
266.49,6,0.45
266.49,7,0.44
266.49,8,0.44
266.49,9,0.43
266.49,10,0.43
266.49,11,0.42
266.49,12,0.42
266.49,13,0.42
266.49,14,0.42
266.49,15,0.42
266.49,16,0.42
266.49,17,0.42
266.49,18,0.42
266.49,19,0.42
266.50,0,0.56
266.50,1,0.54
266.50,2,0.52
266.50,3,0.49
266.50,4,0.48
266.50,5,0.46
266.50,6,0.45
266.50,7,0.44
266.50,8,0.43
266.50,9,0.43
266.50,10,0.42
266.50,11,0.42
266.50,12,0.42
266.50,13,0.42
266.50,14,0.42
266.50,15,0.42
266.50,16,0.42
266.50,17,0.42
266.50,18,0.42
266.50,19,0.42
266.54,0,0.59
266.54,1,0.55
266.54,2,0.52
266.54,3,0.48
266.54,4,0.46
266.54,5,0.45
266.54,6,0.44
266.54,7,0.43
266.54,8,0.43
266.54,9,0.42
266.54,10,0.42
266.54,11,0.42
266.54,12,0.42
266.54,13,0.42
266.54,14,0.42
266.54,15,0.42
266.54,16,0.42
266.54,17,0.42
266.54,18,0.42
266.54,19,0.42
266.59,0,0.59
266.59,1,0.55
266.59,2,0.51
266.59,3,0.48
266.59,4,0.45
266.59,5,0.44
266.59,6,0.43
266.59,7,0.43
266.59,8,0.43
266.59,9,0.43
266.59,10,0.43
266.59,11,0.42
266.59,12,0.42
266.59,13,0.42
266.59,14,0.42
266.59,15,0.42
266.59,16,0.42
266.59,17,0.42
266.59,18,0.42
266.59,19,0.42
266.63,0,0.60
266.63,1,0.57
266.63,2,0.53
266.63,3,0.49
266.63,4,0.46
266.63,5,0.45
266.63,6,0.45
266.63,7,0.44
266.63,8,0.43
266.63,9,0.43
266.63,10,0.42
266.63,11,0.42
266.63,12,0.42
266.63,13,0.42
266.63,14,0.42
266.63,15,0.42
266.63,16,0.42
266.63,17,0.42
266.63,18,0.42
266.63,19,0.42
266.67,0,0.65
266.67,1,0.58
266.67,2,0.55
266.67,3,0.51
266.67,4,0.48
266.67,5,0.45
266.67,6,0.44
266.67,7,0.44
266.67,8,0.43
266.67,9,0.43
266.67,10,0.43
266.67,11,0.43
266.67,12,0.43
266.67,13,0.42
266.67,14,0.42
266.67,15,0.42
266.67,16,0.42
266.67,17,0.42
266.67,18,0.42
266.67,19,0.42
267.25,0,0.73
267.25,1,0.52
267.25,2,0.47
267.25,3,0.45
267.25,4,0.44
267.25,5,0.43
267.25,6,0.43
267.25,7,0.42
267.25,8,0.42
267.25,9,0.42
267.25,10,0.42
267.25,11,0.42
267.25,12,0.42
267.25,13,0.42
267.25,14,0.42
267.25,15,0.42
267.25,16,0.42
267.25,17,0.42
267.25,18,0.42
267.25,19,0.42
267.29,0,0.64
267.29,1,0.50
267.29,2,0.46
267.29,3,0.44
267.29,4,0.44
267.29,5,0.43
267.29,6,0.43
267.29,7,0.42
267.29,8,0.42
267.29,9,0.42
267.29,10,0.42
267.29,11,0.42
267.29,12,0.42
267.29,13,0.42
267.29,14,0.42
267.29,15,0.42
267.29,16,0.42
267.29,17,0.42
267.29,18,0.42
267.29,19,0.42
267.34,0,0.62
267.34,1,0.49
267.34,2,0.45
267.34,3,0.43
267.34,4,0.43
267.34,5,0.42
267.34,6,0.42
267.34,7,0.42
267.34,8,0.42
267.34,9,0.42
267.34,10,0.42
267.34,11,0.42
267.34,12,0.42
267.34,13,0.42
267.34,14,0.42
267.34,15,0.42
267.34,16,0.42
267.34,17,0.42
267.34,18,0.42
267.34,19,0.42
267.38,0,0.68
267.38,1,0.51
267.38,2,0.46
267.38,3,0.44
267.38,4,0.44
267.38,5,0.43
267.38,6,0.43
267.38,7,0.42
267.38,8,0.42
267.38,9,0.42
267.38,10,0.42
267.38,11,0.42
267.38,12,0.42
267.38,13,0.42
267.38,14,0.42
267.38,15,0.42
267.38,16,0.42
267.38,17,0.42
267.38,18,0.42
267.38,19,0.42
267.42,0,0.66
267.42,1,0.50
267.42,2,0.45
267.42,3,0.44
267.42,4,0.43
267.42,5,0.43
267.42,6,0.42
267.42,7,0.42
267.42,8,0.42
267.42,9,0.42
267.42,10,0.42
267.42,11,0.42
267.42,12,0.42
267.42,13,0.42
267.42,14,0.42
267.42,15,0.42
267.42,16,0.42
267.42,17,0.42
267.42,18,0.42
267.42,19,0.42
267.46,0,0.61
267.46,1,0.52
267.46,2,0.48
267.46,3,0.46
267.46,4,0.44
267.46,5,0.43
267.46,6,0.42
267.46,7,0.42
267.46,8,0.42
267.46,9,0.42
267.46,10,0.42
267.46,11,0.42
267.46,12,0.42
267.46,13,0.42
267.46,14,0.42
267.46,15,0.42
267.46,16,0.42
267.46,17,0.42
267.46,18,0.42
267.46,19,0.42
267.47,0,0.60
267.47,1,0.52
267.47,2,0.48
267.47,3,0.45
267.47,4,0.44
267.47,5,0.43
267.47,6,0.43
267.47,7,0.42
267.47,8,0.42
267.47,9,0.42
267.47,10,0.42
267.47,11,0.42
267.47,12,0.42
267.47,13,0.42
267.47,14,0.42
267.47,15,0.42
267.47,16,0.42
267.47,17,0.42
267.47,18,0.42
267.47,19,0.42
267.49,0,0.55
267.49,1,0.51
267.49,2,0.47
267.49,3,0.45
267.49,4,0.44
267.49,5,0.43
267.49,6,0.43
267.49,7,0.43
267.49,8,0.42
267.49,9,0.42
267.49,10,0.42
267.49,11,0.42
267.49,12,0.42
267.49,13,0.42
267.49,14,0.42
267.49,15,0.42
267.49,16,0.42
267.49,17,0.42
267.49,18,0.42
267.49,19,0.42
267.50,0,0.53
267.50,1,0.49
267.50,2,0.47
267.50,3,0.45
267.50,4,0.43
267.50,5,0.43
267.50,6,0.43
267.50,7,0.42
267.50,8,0.42
267.50,9,0.42
267.50,10,0.42
267.50,11,0.42
267.50,12,0.42
267.50,13,0.42
267.50,14,0.42
267.50,15,0.42
267.50,16,0.42
267.50,17,0.42
267.50,18,0.42
267.50,19,0.42
267.54,0,0.50
267.54,1,0.51
267.54,2,0.50
267.54,3,0.47
267.54,4,0.46
267.54,5,0.45
267.54,6,0.44
267.54,7,0.43
267.54,8,0.43
267.54,9,0.42
267.54,10,0.42
267.54,11,0.42
267.54,12,0.42
267.54,13,0.42
267.54,14,0.42
267.54,15,0.42
267.54,16,0.42
267.54,17,0.42
267.54,18,0.42
267.54,19,0.42
267.59,0,0.48
267.59,1,0.49
267.59,2,0.48
267.59,3,0.47
267.59,4,0.46
267.59,5,0.45
267.59,6,0.44
267.59,7,0.43
267.59,8,0.43
267.59,9,0.43
267.59,10,0.43
267.59,11,0.43
267.59,12,0.42
267.59,13,0.42
267.59,14,0.42
267.59,15,0.42
267.59,16,0.42
267.59,17,0.42
267.59,18,0.42
267.59,19,0.42
267.63,0,0.48
267.63,1,0.48
267.63,2,0.46
267.63,3,0.45
267.63,4,0.44
267.63,5,0.43
267.63,6,0.43
267.63,7,0.43
267.63,8,0.42
267.63,9,0.42
267.63,10,0.42
267.63,11,0.42
267.63,12,0.42
267.63,13,0.42
267.63,14,0.42
267.63,15,0.42
267.63,16,0.42
267.63,17,0.42
267.63,18,0.42
267.63,19,0.42
267.67,0,0.49
267.67,1,0.47
267.67,2,0.46
267.67,3,0.45
267.67,4,0.44
267.67,5,0.43
267.67,6,0.43
267.67,7,0.43
267.67,8,0.43
267.67,9,0.43
267.67,10,0.43
267.67,11,0.43
267.67,12,0.42
267.67,13,0.42
267.67,14,0.42
267.67,15,0.42
267.67,16,0.42
267.67,17,0.42
267.67,18,0.42
267.67,19,0.42
268.25,0,0.58
268.25,1,0.47
268.25,2,0.45
268.25,3,0.44
268.25,4,0.43
268.25,5,0.42
268.25,6,0.42
268.25,7,0.42
268.25,8,0.42
268.25,9,0.42
268.25,10,0.42
268.25,11,0.42
268.25,12,0.42
268.25,13,0.42
268.25,14,0.42
268.25,15,0.42
268.25,16,0.42
268.25,17,0.42
268.25,18,0.42
268.25,19,0.42
268.29,0,0.54
268.29,1,0.47
268.29,2,0.44
268.29,3,0.43
268.29,4,0.43
268.29,5,0.43
268.29,6,0.43
268.29,7,0.42
268.29,8,0.42
268.29,9,0.42
268.29,10,0.42
268.29,11,0.42
268.29,12,0.42
268.29,13,0.42
268.29,14,0.42
268.29,15,0.42
268.29,16,0.42
268.29,17,0.42
268.29,18,0.42
268.29,19,0.42
268.34,0,0.53
268.34,1,0.46
268.34,2,0.45
268.34,3,0.43
268.34,4,0.43
268.34,5,0.42
268.34,6,0.42
268.34,7,0.42
268.34,8,0.42
268.34,9,0.42
268.34,10,0.42
268.34,11,0.42
268.34,12,0.42
268.34,13,0.42
268.34,14,0.42
268.34,15,0.42
268.34,16,0.42
268.34,17,0.42
268.34,18,0.42
268.34,19,0.42
268.38,0,0.55
268.38,1,0.48
268.38,2,0.44
268.38,3,0.43
268.38,4,0.43
268.38,5,0.42
268.38,6,0.42
268.38,7,0.42
268.38,8,0.42
268.38,9,0.42
268.38,10,0.42
268.38,11,0.42
268.38,12,0.42
268.38,13,0.42
268.38,14,0.42
268.38,15,0.42
268.38,16,0.42
268.38,17,0.42
268.38,18,0.42
268.38,19,0.42
268.42,0,0.53
268.42,1,0.48
268.42,2,0.46
268.42,3,0.44
268.42,4,0.44
268.42,5,0.43
268.42,6,0.43
268.42,7,0.42
268.42,8,0.42
268.42,9,0.42
268.42,10,0.42
268.42,11,0.42
268.42,12,0.42
268.42,13,0.42
268.42,14,0.42
268.42,15,0.42
268.42,16,0.42
268.42,17,0.42
268.42,18,0.42
268.42,19,0.42
268.46,0,0.52
268.46,1,0.49
268.46,2,0.46
268.46,3,0.44
268.46,4,0.43
268.46,5,0.43
268.46,6,0.42
268.46,7,0.42
268.46,8,0.42
268.46,9,0.42
268.46,10,0.42
268.46,11,0.42
268.46,12,0.42
268.46,13,0.42
268.46,14,0.42
268.46,15,0.42
268.46,16,0.42
268.46,17,0.42
268.46,18,0.42
268.46,19,0.42
268.47,0,0.53
268.47,1,0.48
268.47,2,0.46
268.47,3,0.44
268.47,4,0.43
268.47,5,0.43
268.47,6,0.42
268.47,7,0.42
268.47,8,0.42
268.47,9,0.42
268.47,10,0.42
268.47,11,0.42
268.47,12,0.42
268.47,13,0.42
268.47,14,0.42
268.47,15,0.42
268.47,16,0.42
268.47,17,0.42
268.47,18,0.42
268.47,19,0.42
268.49,0,0.52
268.49,1,0.50
268.49,2,0.49
268.49,3,0.46
268.49,4,0.44
268.49,5,0.43
268.49,6,0.43
268.49,7,0.43
268.49,8,0.42
268.49,9,0.42
268.49,10,0.42
268.49,11,0.42
268.49,12,0.42
268.49,13,0.42
268.49,14,0.42
268.49,15,0.42
268.49,16,0.42
268.49,17,0.42
268.49,18,0.42
268.49,19,0.42
268.50,0,0.51
268.50,1,0.53
268.50,2,0.52
268.50,3,0.49
268.50,4,0.47
268.50,5,0.45
268.50,6,0.44
268.50,7,0.43
268.50,8,0.43
268.50,9,0.42
268.50,10,0.42
268.50,11,0.42
268.50,12,0.42
268.50,13,0.42
268.50,14,0.42
268.50,15,0.42
268.50,16,0.42
268.50,17,0.42
268.50,18,0.42
268.50,19,0.42
268.54,0,0.49
268.54,1,0.54
268.54,2,0.51
268.54,3,0.48
268.54,4,0.47
268.54,5,0.47
268.54,6,0.46
268.54,7,0.44
268.54,8,0.43
268.54,9,0.42
268.54,10,0.42
268.54,11,0.42
268.54,12,0.42
268.54,13,0.42
268.54,14,0.42
268.54,15,0.42
268.54,16,0.42
268.54,17,0.42
268.54,18,0.42
268.54,19,0.42
268.59,0,0.51
268.59,1,0.52
268.59,2,0.51
268.59,3,0.50
268.59,4,0.49
268.59,5,0.47
268.59,6,0.45
268.59,7,0.44
268.59,8,0.44
268.59,9,0.44
268.59,10,0.43
268.59,11,0.43
268.59,12,0.43
268.59,13,0.42
268.59,14,0.42
268.59,15,0.42
268.59,16,0.42
268.59,17,0.42
268.59,18,0.42
268.59,19,0.42
268.63,0,0.56
268.63,1,0.60
268.63,2,0.63
268.63,3,0.56
268.63,4,0.53
268.63,5,0.49
268.63,6,0.48
268.63,7,0.46
268.63,8,0.45
268.63,9,0.44
268.63,10,0.44
268.63,11,0.43
268.63,12,0.43
268.63,13,0.43
268.63,14,0.42
268.63,15,0.42
268.63,16,0.42
268.63,17,0.42
268.63,18,0.42
268.63,19,0.42
268.67,0,0.49
268.67,1,0.48
268.67,2,0.44
268.67,3,0.43
268.67,4,0.45
268.67,5,0.47
268.67,6,0.47
268.67,7,0.45
268.67,8,0.44
268.67,9,0.44
268.67,10,0.44
268.67,11,0.43
268.67,12,0.43
268.67,13,0.43
268.67,14,0.42
268.67,15,0.42
268.67,16,0.42
268.67,17,0.42
268.67,18,0.42
268.67,19,0.42
269.25,0,0.69
269.25,1,0.57
269.25,2,0.52
269.25,3,0.50
269.25,4,0.47
269.25,5,0.45
269.25,6,0.44
269.25,7,0.43
269.25,8,0.43
269.25,9,0.43
269.25,10,0.42
269.25,11,0.42
269.25,12,0.42
269.25,13,0.42
269.25,14,0.42
269.25,15,0.42
269.25,16,0.42
269.25,17,0.42
269.25,18,0.42
269.25,19,0.42
269.29,0,0.58
269.29,1,0.56
269.29,2,0.49
269.29,3,0.45
269.29,4,0.44
269.29,5,0.44
269.29,6,0.43
269.29,7,0.43
269.29,8,0.42
269.29,9,0.42
269.29,10,0.42
269.29,11,0.42
269.29,12,0.42
269.29,13,0.42
269.29,14,0.42
269.29,15,0.42
269.29,16,0.42
269.29,17,0.42
269.29,18,0.42
269.29,19,0.42
269.34,0,0.63
269.34,1,0.53
269.34,2,0.47
269.34,3,0.45
269.34,4,0.43
269.34,5,0.43
269.34,6,0.43
269.34,7,0.42
269.34,8,0.42
269.34,9,0.42
269.34,10,0.42
269.34,11,0.42
269.34,12,0.42
269.34,13,0.42
269.34,14,0.42
269.34,15,0.42
269.34,16,0.42
269.34,17,0.42
269.34,18,0.42
269.34,19,0.42
269.38,0,0.67
269.38,1,0.53
269.38,2,0.48
269.38,3,0.45
269.38,4,0.44
269.38,5,0.43
269.38,6,0.43
269.38,7,0.42
269.38,8,0.42
269.38,9,0.42
269.38,10,0.42
269.38,11,0.42
269.38,12,0.42
269.38,13,0.42
269.38,14,0.42
269.38,15,0.42
269.38,16,0.42
269.38,17,0.42
269.38,18,0.42
269.38,19,0.42
269.42,0,0.64
269.42,1,0.59
269.42,2,0.52
269.42,3,0.49
269.42,4,0.46
269.42,5,0.45
269.42,6,0.44
269.42,7,0.44
269.42,8,0.43
269.42,9,0.43
269.42,10,0.43
269.42,11,0.42
269.42,12,0.42
269.42,13,0.42
269.42,14,0.42
269.42,15,0.42
269.42,16,0.42
269.42,17,0.42
269.42,18,0.42
269.42,19,0.42
269.46,0,0.64
269.46,1,0.50
269.46,2,0.46
269.46,3,0.45
269.46,4,0.43
269.46,5,0.50
269.46,6,0.52
269.46,7,0.49
269.46,8,0.45
269.46,9,0.42
269.46,10,0.42
269.46,11,0.42
269.46,12,0.42
269.46,13,0.42
269.46,14,0.42
269.46,15,0.42
269.46,16,0.42
269.46,17,0.42
269.46,18,0.42
269.46,19,0.42
269.47,0,0.58
269.47,1,0.57
269.47,2,0.51
269.47,3,0.48
269.47,4,0.47
269.47,5,0.49
269.47,6,0.49
269.47,7,0.46
269.47,8,0.44
269.47,9,0.42
269.47,10,0.42
269.47,11,0.42
269.47,12,0.42
269.47,13,0.42
269.47,14,0.42
269.47,15,0.42
269.47,16,0.42
269.47,17,0.42
269.47,18,0.42
269.47,19,0.42
269.49,0,0.63
269.49,1,0.66
269.49,2,0.55
269.49,3,0.49
269.49,4,0.47
269.49,5,0.46
269.49,6,0.47
269.49,7,0.47
269.49,8,0.46
269.49,9,0.45
269.49,10,0.43
269.49,11,0.43
269.49,12,0.43
269.49,13,0.42
269.49,14,0.42
269.49,15,0.42
269.49,16,0.42
269.49,17,0.42
269.49,18,0.42
269.49,19,0.42
269.50,0,0.65
269.50,1,0.68
269.50,2,0.63
269.50,3,0.62
269.50,4,0.55
269.50,5,0.51
269.50,6,0.50
269.50,7,0.48
269.50,8,0.46
269.50,9,0.44
269.50,10,0.43
269.50,11,0.42
269.50,12,0.42
269.50,13,0.42
269.50,14,0.42
269.50,15,0.42
269.50,16,0.42
269.50,17,0.42
269.50,18,0.42
269.50,19,0.42
269.54,0,0.68
269.54,1,0.70
269.54,2,0.62
269.54,3,0.57
269.54,4,0.53
269.54,5,0.49
269.54,6,0.48
269.54,7,0.48
269.54,8,0.47
269.54,9,0.47
269.54,10,0.46
269.54,11,0.46
269.54,12,0.45
269.54,13,0.44
269.54,14,0.44
269.54,15,0.43
269.54,16,0.43
269.54,17,0.43
269.54,18,0.42
269.54,19,0.42
269.59,0,0.69
269.59,1,0.67
269.59,2,0.58
269.59,3,0.52
269.59,4,0.47
269.59,5,0.46
269.59,6,0.45
269.59,7,0.45
269.59,8,0.44
269.59,9,0.44
269.59,10,0.43
269.59,11,0.43
269.59,12,0.43
269.59,13,0.42
269.59,14,0.42
269.59,15,0.42
269.59,16,0.42
269.59,17,0.42
269.59,18,0.42
269.59,19,0.42
269.63,0,0.77
269.63,1,0.75
269.63,2,0.68
269.63,3,0.57
269.63,4,0.51
269.63,5,0.48
269.63,6,0.46
269.63,7,0.45
269.63,8,0.45
269.63,9,0.44
269.63,10,0.43
269.63,11,0.43
269.63,12,0.43
269.63,13,0.42
269.63,14,0.42
269.63,15,0.42
269.63,16,0.42
269.63,17,0.42
269.63,18,0.42
269.63,19,0.42
269.67,0,0.83
269.67,1,0.68
269.67,2,0.62
269.67,3,0.56
269.67,4,0.51
269.67,5,0.48
269.67,6,0.46
269.67,7,0.44
269.67,8,0.43
269.67,9,0.43
269.67,10,0.42
269.67,11,0.42
269.67,12,0.42
269.67,13,0.42
269.67,14,0.42
269.67,15,0.42
269.67,16,0.42
269.67,17,0.42
269.67,18,0.42
269.67,19,0.42
270.25,0,0.63
270.25,1,0.53
270.25,2,0.52
270.25,3,0.49
270.25,4,0.47
270.25,5,0.46
270.25,6,0.45
270.25,7,0.44
270.25,8,0.44
270.25,9,0.43
270.25,10,0.43
270.25,11,0.43
270.25,12,0.43
270.25,13,0.43
270.25,14,0.42
270.25,15,0.42
270.25,16,0.42
270.25,17,0.42
270.25,18,0.42
270.25,19,0.42
270.29,0,0.63
270.29,1,0.52
270.29,2,0.49
270.29,3,0.47
270.29,4,0.45
270.29,5,0.44
270.29,6,0.43
270.29,7,0.43
270.29,8,0.43
270.29,9,0.42
270.29,10,0.42
270.29,11,0.42
270.29,12,0.42
270.29,13,0.42
270.29,14,0.42
270.29,15,0.42
270.29,16,0.42
270.29,17,0.42
270.29,18,0.42
270.29,19,0.42
270.34,0,0.85
270.34,1,0.55
270.34,2,0.48
270.34,3,0.46
270.34,4,0.44
270.34,5,0.43
270.34,6,0.43
270.34,7,0.42
270.34,8,0.42
270.34,9,0.42
270.34,10,0.42
270.34,11,0.42
270.34,12,0.42
270.34,13,0.42
270.34,14,0.42
270.34,15,0.42
270.34,16,0.42
270.34,17,0.42
270.34,18,0.42
270.34,19,0.42
270.38,0,0.82
270.38,1,0.57
270.38,2,0.51
270.38,3,0.47
270.38,4,0.45
270.38,5,0.44
270.38,6,0.43
270.38,7,0.43
270.38,8,0.42
270.38,9,0.42
270.38,10,0.42
270.38,11,0.42
270.38,12,0.42
270.38,13,0.42
270.38,14,0.42
270.38,15,0.42
270.38,16,0.42
270.38,17,0.42
270.38,18,0.42
270.38,19,0.42
270.42,0,0.87
270.42,1,0.65
270.42,2,0.55
270.42,3,0.50
270.42,4,0.47
270.42,5,0.45
270.42,6,0.44
270.42,7,0.43
270.42,8,0.43
270.42,9,0.43
270.42,10,0.42
270.42,11,0.42
270.42,12,0.42
270.42,13,0.42
270.42,14,0.42
270.42,15,0.42
270.42,16,0.42
270.42,17,0.42
270.42,18,0.42
270.42,19,0.42
270.46,0,0.75
270.46,1,0.56
270.46,2,0.50
270.46,3,0.47
270.46,4,0.45
270.46,5,0.44
270.46,6,0.43
270.46,7,0.43
270.46,8,0.42
270.46,9,0.42
270.46,10,0.42
270.46,11,0.42
270.46,12,0.42
270.46,13,0.42
270.46,14,0.42
270.46,15,0.42
270.46,16,0.42
270.46,17,0.42
270.46,18,0.42
270.46,19,0.42
270.47,0,0.70
270.47,1,0.53
270.47,2,0.49
270.47,3,0.46
270.47,4,0.44
270.47,5,0.43
270.47,6,0.43
270.47,7,0.42
270.47,8,0.42
270.47,9,0.42
270.47,10,0.42
270.47,11,0.42
270.47,12,0.42
270.47,13,0.42
270.47,14,0.42
270.47,15,0.42
270.47,16,0.42
270.47,17,0.42
270.47,18,0.42
270.47,19,0.42
270.49,0,0.67
270.49,1,0.53
270.49,2,0.48
270.49,3,0.46
270.49,4,0.44
270.49,5,0.43
270.49,6,0.43
270.49,7,0.42
270.49,8,0.42
270.49,9,0.42
270.49,10,0.42
270.49,11,0.42
270.49,12,0.42
270.49,13,0.42
270.49,14,0.42
270.49,15,0.42
270.49,16,0.42
270.49,17,0.42
270.49,18,0.42
270.49,19,0.42
270.50,0,0.65
270.50,1,0.56
270.50,2,0.50
270.50,3,0.46
270.50,4,0.45
270.50,5,0.44
270.50,6,0.43
270.50,7,0.43
270.50,8,0.43
270.50,9,0.42
270.50,10,0.42
270.50,11,0.42
270.50,12,0.42
270.50,13,0.42
270.50,14,0.42
270.50,15,0.42
270.50,16,0.42
270.50,17,0.42
270.50,18,0.42
270.50,19,0.42
270.54,0,0.65
270.54,1,0.53
270.54,2,0.48
270.54,3,0.46
270.54,4,0.44
270.54,5,0.43
270.54,6,0.43
270.54,7,0.42
270.54,8,0.42
270.54,9,0.42
270.54,10,0.42
270.54,11,0.42
270.54,12,0.42
270.54,13,0.42
270.54,14,0.42
270.54,15,0.42
270.54,16,0.42
270.54,17,0.42
270.54,18,0.42
270.54,19,0.42
270.59,0,0.69
270.59,1,0.55
270.59,2,0.51
270.59,3,0.48
270.59,4,0.46
270.59,5,0.44
270.59,6,0.43
270.59,7,0.42
270.59,8,0.42
270.59,9,0.42
270.59,10,0.42
270.59,11,0.42
270.59,12,0.42
270.59,13,0.42
270.59,14,0.42
270.59,15,0.42
270.59,16,0.42
270.59,17,0.42
270.59,18,0.42
270.59,19,0.42
270.63,0,0.71
270.63,1,0.63
270.63,2,0.59
270.63,3,0.53
270.63,4,0.50
270.63,5,0.48
270.63,6,0.46
270.63,7,0.45
270.63,8,0.43
270.63,9,0.43
270.63,10,0.43
270.63,11,0.43
270.63,12,0.42
270.63,13,0.42
270.63,14,0.42
270.63,15,0.42
270.63,16,0.42
270.63,17,0.42
270.63,18,0.42
270.63,19,0.42
270.67,0,0.84
270.67,1,0.69
270.67,2,0.66
270.67,3,0.60
270.67,4,0.56
270.67,5,0.53
270.67,6,0.51
270.67,7,0.48
270.67,8,0.46
270.67,9,0.45
270.67,10,0.44
270.67,11,0.43
270.67,12,0.43
270.67,13,0.43
270.67,14,0.42
270.67,15,0.42
270.67,16,0.42
270.67,17,0.42
270.67,18,0.42
270.67,19,0.42
271.25,0,0.62
271.25,1,0.70
271.25,2,0.61
271.25,3,0.55
271.25,4,0.52
271.25,5,0.50
271.25,6,0.48
271.25,7,0.46
271.25,8,0.44
271.25,9,0.44
271.25,10,0.44
271.25,11,0.43
271.25,12,0.43
271.25,13,0.43
271.25,14,0.42
271.25,15,0.42
271.25,16,0.42
271.25,17,0.42
271.25,18,0.42
271.25,19,0.42
271.29,0,0.56
271.29,1,0.58
271.29,2,0.52
271.29,3,0.70
271.29,4,0.91
271.29,5,0.49
271.29,6,0.37
271.29,7,0.44
271.29,8,0.49
271.29,9,0.47
271.29,10,0.46
271.29,11,0.45
271.29,12,0.44
271.29,13,0.43
271.29,14,0.43
271.29,15,0.43
271.29,16,0.42
271.29,17,0.42
271.29,18,0.42
271.29,19,0.42
271.34,0,0.59
271.34,1,0.55
271.34,2,0.52
271.34,3,0.48
271.34,4,0.46
271.34,5,0.44
271.34,6,0.43
271.34,7,0.43
271.34,8,0.43
271.34,9,0.42
271.34,10,0.42
271.34,11,0.42
271.34,12,0.42
271.34,13,0.42
271.34,14,0.42
271.34,15,0.42
271.34,16,0.42
271.34,17,0.42
271.34,18,0.42
271.34,19,0.42
271.38,0,0.58
271.38,1,0.52
271.38,2,0.48
271.38,3,0.45
271.38,4,0.44
271.38,5,0.43
271.38,6,0.43
271.38,7,0.42
271.38,8,0.42
271.38,9,0.42
271.38,10,0.42
271.38,11,0.42
271.38,12,0.42
271.38,13,0.42
271.38,14,0.42
271.38,15,0.42
271.38,16,0.42
271.38,17,0.42
271.38,18,0.42
271.38,19,0.42
271.42,0,0.62
271.42,1,0.52
271.42,2,0.48
271.42,3,0.46
271.42,4,0.44
271.42,5,0.43
271.42,6,0.43
271.42,7,0.42
271.42,8,0.42
271.42,9,0.42
271.42,10,0.42
271.42,11,0.42
271.42,12,0.42
271.42,13,0.42
271.42,14,0.42
271.42,15,0.42
271.42,16,0.42
271.42,17,0.42
271.42,18,0.42
271.42,19,0.42
271.46,0,0.62
271.46,1,0.49
271.46,2,0.47
271.46,3,0.45
271.46,4,0.44
271.46,5,0.43
271.46,6,0.43
271.46,7,0.42
271.46,8,0.42
271.46,9,0.42
271.46,10,0.42
271.46,11,0.42
271.46,12,0.42
271.46,13,0.42
271.46,14,0.42
271.46,15,0.42
271.46,16,0.42
271.46,17,0.42
271.46,18,0.42
271.46,19,0.42
271.47,0,0.60
271.47,1,0.49
271.47,2,0.46
271.47,3,0.44
271.47,4,0.43
271.47,5,0.43
271.47,6,0.42
271.47,7,0.42
271.47,8,0.42
271.47,9,0.42
271.47,10,0.42
271.47,11,0.42
271.47,12,0.42
271.47,13,0.42
271.47,14,0.42
271.47,15,0.42
271.47,16,0.42
271.47,17,0.42
271.47,18,0.42
271.47,19,0.42
271.49,0,0.54
271.49,1,0.47
271.49,2,0.45
271.49,3,0.44
271.49,4,0.43
271.49,5,0.43
271.49,6,0.43
271.49,7,0.42
271.49,8,0.42
271.49,9,0.42
271.49,10,0.42
271.49,11,0.42
271.49,12,0.42
271.49,13,0.42
271.49,14,0.42
271.49,15,0.42
271.49,16,0.42
271.49,17,0.42
271.49,18,0.42
271.49,19,0.42
271.50,0,0.54
271.50,1,0.47
271.50,2,0.45
271.50,3,0.44
271.50,4,0.43
271.50,5,0.43
271.50,6,0.42
271.50,7,0.42
271.50,8,0.42
271.50,9,0.42
271.50,10,0.42
271.50,11,0.42
271.50,12,0.42
271.50,13,0.42
271.50,14,0.42
271.50,15,0.42
271.50,16,0.42
271.50,17,0.42
271.50,18,0.42
271.50,19,0.42
271.54,0,0.55
271.54,1,0.50
271.54,2,0.47
271.54,3,0.45
271.54,4,0.44
271.54,5,0.43
271.54,6,0.43
271.54,7,0.42
271.54,8,0.42
271.54,9,0.42
271.54,10,0.42
271.54,11,0.42
271.54,12,0.42
271.54,13,0.42
271.54,14,0.42
271.54,15,0.42
271.54,16,0.42
271.54,17,0.42
271.54,18,0.42
271.54,19,0.42
271.59,0,0.57
271.59,1,0.49
271.59,2,0.47
271.59,3,0.44
271.59,4,0.43
271.59,5,0.42
271.59,6,0.42
271.59,7,0.42
271.59,8,0.42
271.59,9,0.42
271.59,10,0.42
271.59,11,0.42
271.59,12,0.42
271.59,13,0.42
271.59,14,0.42
271.59,15,0.42
271.59,16,0.42
271.59,17,0.42
271.59,18,0.42
271.59,19,0.42
271.63,0,0.71
271.63,1,0.55
271.63,2,0.50
271.63,3,0.46
271.63,4,0.44
271.63,5,0.43
271.63,6,0.43
271.63,7,0.43
271.63,8,0.42
271.63,9,0.42
271.63,10,0.42
271.63,11,0.42
271.63,12,0.42
271.63,13,0.42
271.63,14,0.42
271.63,15,0.42
271.63,16,0.42
271.63,17,0.42
271.63,18,0.42
271.63,19,0.42
271.67,0,0.67
271.67,1,0.53
271.67,2,0.48
271.67,3,0.45
271.67,4,0.44
271.67,5,0.43
271.67,6,0.43
271.67,7,0.43
271.67,8,0.42
271.67,9,0.42
271.67,10,0.42
271.67,11,0.42
271.67,12,0.42
271.67,13,0.42
271.67,14,0.42
271.67,15,0.42
271.67,16,0.42
271.67,17,0.42
271.67,18,0.42
271.67,19,0.42